Data_Venda,Produto,Categoria,Cliente,Região,Quantidade,Preço_Unitário,Conversão,Venda_Total,Custo,Lucro,Mês
2025-04-13,Fone de Ouvido,Móveis,Cliente_44,Centro-Oeste,3,3317.86,Sim,9953.58,7614.12,2339.46,2025-04
2025-12-15,Notebook,Acessórios,Cliente_31,Sudeste,2,4988.93,Sim,9977.86,7841.35,2136.51,2025-12
2025-09-28,Teclado Mecânico,Acessórios,Cliente_20,Sudeste,3,2302.56,Sim,6907.68,5519.56,1388.12,2025-09
2025-04-17,Smartphone,Periféricos,Cliente_24,Norte,3,1825.26,Sim,5475.78,4659.27,816.51,2025-04
2025-03-13,Cadeira Ergonômica,Periféricos,Cliente_25,Centro-Oeste,5,2051.46,Não,10257.3,6817.4,3439.9,2025-03
2025-07-08,Webcam HD,Móveis,Cliente_36,Nordeste,5,646.52,Sim,3232.6,2056.4,1176.2,2025-07
2025-01-21,Monitor,Acessórios,Cliente_21,Nordeste,5,4425.71,Não,22128.55,18930.11,3198.44,2025-01
2025-04-13,Mouse Gamer,Acessórios,Cliente_30,Centro-Oeste,2,2120.94,Sim,4241.88,2744.43,1497.45,2025-04
2025-05-02,Webcam HD,Acessórios,Cliente_24,Norte,3,1985.39,Sim,5956.17,5315.45,640.72,2025-05
2025-08-03,Smartphone,Acessórios,Cliente_44,Sul,1,3325.68,Não,3325.68,2836.01,489.67,2025-08
2025-11-27,Cadeira Ergonômica,Acessórios,Cliente_42,Sudeste,4,2254.8,Sim,9019.2,6766.77,2252.43,2025-11
2025-03-29,Smartphone,Eletrônicos,Cliente_30,Norte,5,3269.31,Sim,16346.55,14620.79,1725.76,2025-03
2025-04-10,Smartwatch,Periféricos,Cliente_22,Centro-Oeste,5,382.32,Sim,1911.6,1202.8,708.8,2025-04
2025-12-26,Notebook,Eletrônicos,Cliente_28,Sudeste,3,4083.52,Não,12250.56,8464.15,3786.41,2025-12
2025-06-01,Monitor,Acessórios,Cliente_7,Nordeste,3,4707.28,Sim,14121.84,11176.97,2944.87,2025-06
2025-05-11,HD Externo,Móveis,Cliente_35,Sul,2,3271.93,Sim,6543.86,4613.43,1930.43,2025-05
2025-05-30,Notebook,Móveis,Cliente_28,Nordeste,2,4776.46,Sim,9552.92,8392.35,1160.57,2025-05
2025-11-05,HD Externo,Acessórios,Cliente_14,Centro-Oeste,5,825.05,Sim,4125.25,2556.37,1568.88,2025-11
2025-09-15,Cadeira Ergonômica,Acessórios,Cliente_10,Sudeste,3,2428.89,Sim,7286.67,5573.02,1713.65,2025-09
2025-12-10,Teclado Mecânico,Móveis,Cliente_16,Centro-Oeste,1,3040.89,Sim,3040.89,2363.56,677.33,2025-12
2025-10-21,Mouse Gamer,Eletrônicos,Cliente_16,Sudeste,4,2942.14,Sim,11768.56,9365.64,2402.92,2025-10
2025-07-11,Fone de Ouvido,Eletrônicos,Cliente_31,Norte,3,2055.19,Sim,6165.57,4172.24,1993.33,2025-07
2025-10-04,Notebook,Acessórios,Cliente_42,Sul,3,1743.38,Sim,5230.14,3710.1,1520.04,2025-10
2025-06-10,Monitor,Eletrônicos,Cliente_25,Norte,2,703.97,Não,1407.94,1201.12,206.82,2025-06
2025-11-10,Smartphone,Móveis,Cliente_13,Norte,4,2007.37,Sim,8029.48,5287.27,2742.21,2025-11
2025-01-22,Monitor,Eletrônicos,Cliente_6,Centro-Oeste,5,880.29,Não,4401.45,3732.7,668.75,2025-01
2025-09-10,Cadeira Ergonômica,Acessórios,Cliente_44,Sul,3,3693.08,Sim,11079.24,8517.68,2561.56,2025-09
2025-08-24,HD Externo,Móveis,Cliente_9,Sudeste,5,1107.45,Sim,5537.25,4588.48,948.77,2025-08
2025-12-11,Smartphone,Eletrônicos,Cliente_45,Sudeste,3,368.14,Não,1104.42,899.09,205.33,2025-12
2025-02-18,Fone de Ouvido,Periféricos,Cliente_36,Nordeste,5,2797.64,Sim,13988.2,9263.73,4724.47,2025-02
2025-02-28,Fone de Ouvido,Móveis,Cliente_43,Sudeste,4,3008.53,Sim,12034.12,9274.02,2760.1,2025-02
2025-06-19,Notebook,Móveis,Cliente_20,Centro-Oeste,2,4369.81,Não,8739.62,7518.84,1220.78,2025-06
2025-07-07,Cadeira Ergonômica,Periféricos,Cliente_18,Norte,4,2918.75,Sim,11675.0,8518.49,3156.51,2025-07
2025-09-28,Teclado Mecânico,Periféricos,Cliente_43,Norte,1,1779.77,Sim,1779.77,1583.95,195.82,2025-09
2025-07-09,Cadeira Ergonômica,Móveis,Cliente_21,Norte,2,4030.82,Sim,8061.64,5930.66,2130.98,2025-07
2025-06-24,HD Externo,Periféricos,Cliente_4,Sul,4,2738.17,Sim,10952.68,7040.77,3911.91,2025-06
2025-02-20,Monitor,Acessórios,Cliente_50,Sudeste,1,470.06,Sim,470.06,336.95,133.11,2025-02
2025-12-30,Fone de Ouvido,Acessórios,Cliente_33,Centro-Oeste,3,2863.98,Sim,8591.94,7608.25,983.69,2025-12
2025-02-24,Monitor,Acessórios,Cliente_27,Sul,3,4547.45,Sim,13642.35,9493.93,4148.42,2025-02
2025-09-01,Monitor,Móveis,Cliente_7,Nordeste,5,2029.86,Sim,10149.3,8732.76,1416.54,2025-09
2025-11-16,Monitor,Periféricos,Cliente_6,Centro-Oeste,2,1537.92,Sim,3075.84,2658.68,417.16,2025-11
2025-05-11,Fone de Ouvido,Periféricos,Cliente_15,Centro-Oeste,3,785.87,Sim,2357.61,1662.25,695.36,2025-05
2025-11-03,Webcam HD,Eletrônicos,Cliente_18,Centro-Oeste,2,825.11,Sim,1650.22,1031.35,618.87,2025-11
2025-05-15,Smartwatch,Eletrônicos,Cliente_32,Norte,3,2209.24,Sim,6627.72,5417.28,1210.44,2025-05
2025-01-21,HD Externo,Periféricos,Cliente_11,Centro-Oeste,5,3010.74,Sim,15053.7,10439.04,4614.66,2025-01
2025-11-25,Webcam HD,Periféricos,Cliente_20,Sudeste,4,476.63,Sim,1906.52,1591.71,314.81,2025-11
2025-06-16,HD Externo,Periféricos,Cliente_24,Centro-Oeste,5,4702.68,Sim,23513.4,17230.54,6282.86,2025-06
2025-10-01,Smartphone,Móveis,Cliente_15,Norte,1,3795.26,Sim,3795.26,2829.67,965.59,2025-10
2025-03-30,Cadeira Ergonômica,Periféricos,Cliente_48,Centro-Oeste,3,2966.19,Não,8898.57,7415.83,1482.74,2025-03
2025-11-12,Cadeira Ergonômica,Eletrônicos,Cliente_7,Nordeste,1,4155.92,Sim,4155.92,2970.27,1185.65,2025-11
2025-01-14,Mouse Gamer,Móveis,Cliente_21,Nordeste,1,474.52,Sim,474.52,347.79,126.73,2025-01
2025-08-30,Cadeira Ergonômica,Periféricos,Cliente_42,Norte,2,2426.05,Sim,4852.1,3458.85,1393.25,2025-08
2025-09-22,Fone de Ouvido,Eletrônicos,Cliente_26,Sudeste,3,3180.06,Sim,9540.18,6775.46,2764.72,2025-09
2025-12-12,Teclado Mecânico,Móveis,Cliente_44,Sudeste,1,4156.97,Não,4156.97,3150.09,1006.88,2025-12
2025-02-22,Notebook,Periféricos,Cliente_14,Sul,4,3934.67,Não,15738.68,13262.04,2476.64,2025-02
2025-12-06,Mouse Gamer,Periféricos,Cliente_37,Norte,1,1443.18,Sim,1443.18,1022.54,420.64,2025-12
2025-04-02,Notebook,Periféricos,Cliente_21,Centro-Oeste,4,4709.13,Sim,18836.52,14264.45,4572.07,2025-04
2025-09-21,HD Externo,Móveis,Cliente_18,Norte,2,691.78,Não,1383.56,1108.53,275.03,2025-09
2025-02-04,Notebook,Eletrônicos,Cliente_5,Sul,1,4385.66,Não,4385.66,2985.9,1399.76,2025-02
2025-07-25,Notebook,Eletrônicos,Cliente_3,Norte,5,4857.03,Sim,24285.15,16592.99,7692.16,2025-07
2025-03-22,Mouse Gamer,Acessórios,Cliente_23,Norte,2,951.6,Sim,1903.2,1674.86,228.34,2025-03
2025-02-19,Smartphone,Periféricos,Cliente_26,Sul,4,3632.57,Sim,14530.28,11872.12,2658.16,2025-02
2025-12-26,Monitor,Acessórios,Cliente_37,Sudeste,2,278.2,Não,556.4,430.18,126.22,2025-12
2025-01-02,Cadeira Ergonômica,Acessórios,Cliente_24,Centro-Oeste,1,2074.68,Sim,2074.68,1647.95,426.73,2025-01
2025-02-23,Cadeira Ergonômica,Eletrônicos,Cliente_49,Sul,3,2620.11,Sim,7860.33,4785.29,3075.04,2025-02
2025-04-16,Fone de Ouvido,Móveis,Cliente_19,Nordeste,3,2936.77,Sim,8810.31,6919.89,1890.42,2025-04
2025-09-17,Mouse Gamer,Móveis,Cliente_25,Sudeste,4,4684.81,Sim,18739.24,14107.89,4631.35,2025-09
2025-11-06,Fone de Ouvido,Eletrônicos,Cliente_21,Nordeste,4,3387.47,Sim,13549.88,10348.38,3201.5,2025-11
2025-07-10,Teclado Mecânico,Móveis,Cliente_12,Sudeste,3,2447.89,Não,7343.67,5198.05,2145.62,2025-07
2025-08-06,Teclado Mecânico,Acessórios,Cliente_41,Centro-Oeste,4,4063.6,Sim,16254.4,10149.93,6104.47,2025-08
2025-02-13,Fone de Ouvido,Periféricos,Cliente_33,Centro-Oeste,2,4756.62,Sim,9513.24,6259.73,3253.51,2025-02
2025-06-11,Mouse Gamer,Eletrônicos,Cliente_50,Norte,5,188.57,Sim,942.85,834.63,108.22,2025-06
2025-07-21,Fone de Ouvido,Periféricos,Cliente_4,Nordeste,5,4914.0,Sim,24570.0,17754.52,6815.48,2025-07
2025-09-27,Cadeira Ergonômica,Móveis,Cliente_42,Sudeste,2,503.77,Sim,1007.54,745.58,261.96,2025-09
2025-12-17,Webcam HD,Periféricos,Cliente_7,Centro-Oeste,5,4086.78,Sim,20433.9,12583.46,7850.44,2025-12
2025-10-31,Smartwatch,Móveis,Cliente_22,Sul,1,1459.25,Sim,1459.25,892.0,567.25,2025-10
2025-09-28,Notebook,Móveis,Cliente_33,Centro-Oeste,2,730.32,Sim,1460.64,1190.65,269.99,2025-09
2025-08-03,Smartwatch,Acessórios,Cliente_17,Sul,4,2244.09,Sim,8976.36,6834.86,2141.5,2025-08
2025-09-09,Mouse Gamer,Móveis,Cliente_24,Sudeste,2,3248.27,Sim,6496.54,4889.37,1607.17,2025-09
2025-07-09,Smartwatch,Acessórios,Cliente_34,Centro-Oeste,3,1954.28,Não,5862.84,3945.32,1917.52,2025-07
2025-10-23,Teclado Mecânico,Acessórios,Cliente_28,Centro-Oeste,4,348.46,Não,1393.84,1147.72,246.12,2025-10
2025-08-01,HD Externo,Acessórios,Cliente_43,Sudeste,3,3029.35,Sim,9088.05,5911.51,3176.54,2025-08
2025-07-27,Notebook,Eletrônicos,Cliente_41,Centro-Oeste,4,4519.82,Sim,18079.28,11877.73,6201.55,2025-07
2025-08-25,Monitor,Eletrônicos,Cliente_39,Sul,5,1965.42,Não,9827.1,7254.5,2572.6,2025-08
2025-12-04,Mouse Gamer,Móveis,Cliente_22,Centro-Oeste,2,1144.36,Sim,2288.72,1569.8,718.92,2025-12
2025-02-22,Notebook,Acessórios,Cliente_49,Nordeste,1,2257.48,Não,2257.48,1522.08,735.4,2025-02
2025-10-07,Smartwatch,Eletrônicos,Cliente_17,Norte,4,317.94,Não,1271.76,1009.23,262.53,2025-10
2025-08-05,Teclado Mecânico,Acessórios,Cliente_34,Sul,4,4116.8,Sim,16467.2,13096.22,3370.98,2025-08
2025-09-09,Smartphone,Periféricos,Cliente_6,Nordeste,3,4145.6,Sim,12436.8,10538.39,1898.41,2025-09
2025-07-07,Webcam HD,Periféricos,Cliente_46,Sudeste,5,2972.96,Não,14864.8,10781.63,4083.17,2025-07
2025-02-10,Monitor,Periféricos,Cliente_6,Sul,3,1817.27,Sim,5451.81,3390.62,2061.19,2025-02
2025-06-06,Webcam HD,Móveis,Cliente_34,Norte,3,4014.93,Sim,12044.79,8215.75,3829.04,2025-06
2025-01-15,Notebook,Acessórios,Cliente_1,Norte,5,2809.06,Sim,14045.3,12556.52,1488.78,2025-01
2025-10-28,Teclado Mecânico,Periféricos,Cliente_10,Sudeste,1,4143.59,Sim,4143.59,3227.35,916.24,2025-10
2025-03-06,Teclado Mecânico,Eletrônicos,Cliente_21,Sudeste,3,3186.78,Sim,9560.34,7771.8,1788.54,2025-03
2025-12-11,Smartwatch,Periféricos,Cliente_5,Sul,3,3939.27,Sim,11817.81,7116.77,4701.04,2025-12
2025-11-23,Cadeira Ergonômica,Periféricos,Cliente_2,Centro-Oeste,4,3024.93,Não,12099.72,9140.88,2958.84,2025-11
2025-01-09,Smartwatch,Periféricos,Cliente_22,Sudeste,5,2117.57,Sim,10587.85,6471.91,4115.94,2025-01
2025-12-10,Cadeira Ergonômica,Móveis,Cliente_48,Centro-Oeste,2,4793.09,Sim,9586.18,7388.73,2197.45,2025-12
2025-05-09,Cadeira Ergonômica,Eletrônicos,Cliente_2,Nordeste,1,2742.28,Sim,2742.28,2402.87,339.41,2025-05
2025-05-16,Monitor,Acessórios,Cliente_10,Norte,1,3057.04,Sim,3057.04,2722.37,334.67,2025-05
2025-03-04,Smartwatch,Eletrônicos,Cliente_34,Centro-Oeste,5,1164.8,Sim,5824.0,4438.85,1385.15,2025-03
2025-05-19,Smartphone,Acessórios,Cliente_16,Norte,4,3158.2,Não,12632.8,9316.2,3316.6,2025-05
2025-03-22,Fone de Ouvido,Móveis,Cliente_48,Centro-Oeste,4,2892.31,Não,11569.24,10221.48,1347.76,2025-03
2025-06-12,Fone de Ouvido,Móveis,Cliente_39,Nordeste,5,989.4,Sim,4947.0,3967.9,979.1,2025-06
2025-10-16,Smartwatch,Móveis,Cliente_22,Sudeste,4,373.17,Sim,1492.68,924.67,568.01,2025-10
2025-09-18,Smartwatch,Móveis,Cliente_12,Nordeste,1,3053.45,Sim,3053.45,2258.69,794.76,2025-09
2025-08-19,Webcam HD,Acessórios,Cliente_24,Sudeste,1,3837.37,Sim,3837.37,2578.99,1258.38,2025-08
2025-02-10,Monitor,Periféricos,Cliente_47,Sudeste,2,2655.13,Sim,5310.26,3934.59,1375.67,2025-02
2025-01-28,Smartwatch,Acessórios,Cliente_40,Norte,5,1195.72,Sim,5978.6,4404.07,1574.53,2025-01
2025-05-15,Webcam HD,Eletrônicos,Cliente_38,Nordeste,3,3359.29,Não,10077.87,7806.76,2271.11,2025-05
2025-07-20,Cadeira Ergonômica,Móveis,Cliente_10,Centro-Oeste,3,474.12,Sim,1422.36,1005.65,416.71,2025-07
2025-11-24,Teclado Mecânico,Móveis,Cliente_35,Nordeste,2,2253.82,Sim,4507.64,2926.73,1580.91,2025-11
2025-09-25,Teclado Mecânico,Eletrônicos,Cliente_49,Norte,2,883.76,Sim,1767.52,1327.61,439.91,2025-09
2025-02-02,Cadeira Ergonômica,Acessórios,Cliente_32,Sudeste,4,987.54,Sim,3950.16,3353.93,596.23,2025-02
2025-02-17,Mouse Gamer,Periféricos,Cliente_7,Norte,2,1075.29,Sim,2150.58,1718.75,431.83,2025-02
2025-03-03,Webcam HD,Periféricos,Cliente_21,Sul,2,1982.6,Sim,3965.2,2781.63,1183.57,2025-03
2025-08-04,Webcam HD,Eletrônicos,Cliente_20,Sul,3,331.66,Sim,994.98,876.24,118.74,2025-08
2025-10-20,Cadeira Ergonômica,Periféricos,Cliente_26,Centro-Oeste,4,2037.14,Sim,8148.56,7119.09,1029.47,2025-10
2025-04-09,Smartphone,Acessórios,Cliente_4,Norte,2,2597.6,Sim,5195.2,3443.4,1751.8,2025-04
2025-06-21,HD Externo,Acessórios,Cliente_46,Centro-Oeste,2,2457.81,Sim,4915.62,3007.5,1908.12,2025-06
2025-12-26,Notebook,Eletrônicos,Cliente_22,Centro-Oeste,4,1963.3,Sim,7853.2,6458.41,1394.79,2025-12
2025-08-02,Cadeira Ergonômica,Acessórios,Cliente_15,Sul,5,4208.6,Sim,21043.0,17850.42,3192.58,2025-08
2025-02-04,Smartwatch,Móveis,Cliente_40,Centro-Oeste,4,795.01,Não,3180.04,2831.38,348.66,2025-02
2025-08-15,Smartwatch,Eletrônicos,Cliente_21,Sul,3,2568.03,Sim,7704.09,6679.07,1025.02,2025-08
2025-04-11,Monitor,Acessórios,Cliente_15,Sudeste,5,385.24,Sim,1926.2,1502.75,423.45,2025-04
2025-05-11,Cadeira Ergonômica,Eletrônicos,Cliente_22,Norte,1,430.09,Sim,430.09,326.45,103.64,2025-05
2025-09-14,Monitor,Periféricos,Cliente_28,Centro-Oeste,4,2903.42,Sim,11613.68,7065.21,4548.47,2025-09
2025-01-05,Cadeira Ergonômica,Acessórios,Cliente_14,Sul,3,2864.81,Sim,8594.43,5792.62,2801.81,2025-01
2025-08-06,Webcam HD,Móveis,Cliente_27,Nordeste,5,4399.92,Sim,21999.6,16233.16,5766.44,2025-08
2025-09-12,Notebook,Acessórios,Cliente_41,Centro-Oeste,4,2824.74,Sim,11298.96,8909.81,2389.15,2025-09
2025-12-25,Webcam HD,Eletrônicos,Cliente_40,Sudeste,2,4802.17,Sim,9604.34,7368.21,2236.13,2025-12
2025-10-10,HD Externo,Eletrônicos,Cliente_28,Sudeste,4,319.58,Não,1278.32,1051.79,226.53,2025-10
2025-07-26,Teclado Mecânico,Acessórios,Cliente_26,Nordeste,1,562.2,Sim,562.2,384.51,177.69,2025-07
2025-01-15,Fone de Ouvido,Móveis,Cliente_49,Sul,4,296.8,Não,1187.2,913.53,273.67,2025-01
2025-12-12,Cadeira Ergonômica,Móveis,Cliente_2,Centro-Oeste,5,991.56,Sim,4957.8,3105.78,1852.02,2025-12
2025-02-11,HD Externo,Móveis,Cliente_25,Sul,5,2743.05,Sim,13715.25,9931.21,3784.04,2025-02
2025-06-28,Teclado Mecânico,Eletrônicos,Cliente_3,Sudeste,4,3256.22,Não,13024.88,10746.15,2278.73,2025-06
2025-03-04,Mouse Gamer,Acessórios,Cliente_8,Sul,5,304.28,Sim,1521.4,1229.32,292.08,2025-03
2025-12-18,Notebook,Periféricos,Cliente_44,Sudeste,2,4734.18,Sim,9468.36,8494.94,973.42,2025-12
2025-08-19,Monitor,Eletrônicos,Cliente_33,Sul,4,4223.45,Sim,16893.8,11544.67,5349.13,2025-08
2025-08-29,Monitor,Móveis,Cliente_42,Nordeste,2,1539.33,Sim,3078.66,2307.32,771.34,2025-08
2025-02-21,Webcam HD,Acessórios,Cliente_35,Norte,2,459.76,Sim,919.52,642.61,276.91,2025-02
2025-04-06,Smartwatch,Móveis,Cliente_6,Nordeste,3,915.84,Sim,2747.52,2011.68,735.84,2025-04
2025-08-10,Teclado Mecânico,Periféricos,Cliente_39,Nordeste,4,704.57,Não,2818.28,2415.51,402.77,2025-08
2025-08-19,Mouse Gamer,Móveis,Cliente_23,Norte,5,686.56,Sim,3432.8,2764.31,668.49,2025-08
2025-08-25,HD Externo,Móveis,Cliente_25,Norte,2,2631.32,Não,5262.64,4550.78,711.86,2025-08
2025-05-23,Notebook,Periféricos,Cliente_50,Centro-Oeste,3,1289.57,Não,3868.71,2557.42,1311.29,2025-05
2025-06-20,Teclado Mecânico,Acessórios,Cliente_43,Centro-Oeste,4,1842.05,Sim,7368.2,6351.45,1016.75,2025-06
2025-01-29,Mouse Gamer,Eletrônicos,Cliente_19,Nordeste,4,4948.37,Sim,19793.48,12230.96,7562.52,2025-01
2025-02-05,Fone de Ouvido,Acessórios,Cliente_5,Nordeste,1,3446.83,Não,3446.83,2986.95,459.88,2025-02
2025-01-13,Cadeira Ergonômica,Periféricos,Cliente_11,Sudeste,1,4748.98,Não,4748.98,3318.22,1430.76,2025-01
2025-06-09,Monitor,Móveis,Cliente_12,Sudeste,2,781.38,Sim,1562.76,1085.14,477.62,2025-06
2025-11-23,HD Externo,Acessórios,Cliente_10,Centro-Oeste,1,1960.13,Sim,1960.13,1477.21,482.92,2025-11
2025-07-06,Monitor,Eletrônicos,Cliente_8,Centro-Oeste,2,2809.28,Sim,5618.56,4956.73,661.83,2025-07
2025-08-31,HD Externo,Periféricos,Cliente_24,Sudeste,5,457.65,Sim,2288.25,1405.75,882.5,2025-08
2025-03-27,Webcam HD,Acessórios,Cliente_28,Sudeste,2,100.6,Sim,201.2,141.98,59.22,2025-03
2025-10-11,Smartwatch,Eletrônicos,Cliente_41,Sul,1,3378.54,Sim,3378.54,2895.31,483.23,2025-10
2025-03-07,HD Externo,Periféricos,Cliente_36,Sul,5,3237.75,Sim,16188.75,11636.74,4552.01,2025-03
2025-06-19,Monitor,Eletrônicos,Cliente_37,Sudeste,1,2101.08,Sim,2101.08,1386.18,714.9,2025-06
2025-02-14,Webcam HD,Periféricos,Cliente_21,Sul,2,2489.05,Sim,4978.1,3621.26,1356.84,2025-02
2025-03-03,HD Externo,Móveis,Cliente_8,Norte,3,2123.98,Sim,6371.94,4560.18,1811.76,2025-03
2025-05-14,Fone de Ouvido,Acessórios,Cliente_9,Centro-Oeste,4,198.1,Sim,792.4,693.05,99.35,2025-05
2025-10-11,Smartwatch,Eletrônicos,Cliente_47,Centro-Oeste,1,1730.03,Sim,1730.03,1433.47,296.56,2025-10
2025-01-28,HD Externo,Periféricos,Cliente_15,Sudeste,2,951.24,Sim,1902.48,1429.78,472.7,2025-01
2025-04-18,Webcam HD,Eletrônicos,Cliente_48,Nordeste,5,564.25,Sim,2821.25,2529.28,291.97,2025-04
2025-02-13,Teclado Mecânico,Eletrônicos,Cliente_46,Sudeste,1,4787.06,Sim,4787.06,3540.43,1246.63,2025-02
2025-12-06,Smartphone,Acessórios,Cliente_40,Sul,1,3028.85,Não,3028.85,1870.23,1158.62,2025-12
2025-10-13,Mouse Gamer,Móveis,Cliente_18,Nordeste,4,3664.99,Sim,14659.96,9949.46,4710.5,2025-10
2025-11-27,Smartphone,Eletrônicos,Cliente_42,Sul,2,1631.59,Sim,3263.18,2384.8,878.38,2025-11
2025-05-08,Smartphone,Periféricos,Cliente_20,Norte,3,2014.28,Sim,6042.84,3910.15,2132.69,2025-05
2025-12-14,Notebook,Periféricos,Cliente_6,Sul,5,1245.67,Não,6228.35,5507.54,720.81,2025-12
2025-08-19,Fone de Ouvido,Móveis,Cliente_12,Norte,2,557.07,Sim,1114.14,924.8,189.34,2025-08
2025-07-09,Teclado Mecânico,Periféricos,Cliente_2,Norte,5,960.84,Sim,4804.2,3269.19,1535.01,2025-07
2025-08-13,Cadeira Ergonômica,Móveis,Cliente_7,Sul,1,4003.77,Sim,4003.77,3111.9,891.87,2025-08
2025-10-10,HD Externo,Periféricos,Cliente_16,Sul,4,3413.53,Sim,13654.12,11147.7,2506.42,2025-10
2025-05-01,Mouse Gamer,Acessórios,Cliente_3,Norte,4,2770.89,Sim,11083.56,9779.95,1303.61,2025-05
2025-04-26,Smartwatch,Eletrônicos,Cliente_45,Nordeste,3,2417.44,Sim,7252.32,6269.56,982.76,2025-04
2025-08-21,Teclado Mecânico,Acessórios,Cliente_3,Norte,4,4618.38,Sim,18473.52,13939.34,4534.18,2025-08
2025-09-16,Monitor,Eletrônicos,Cliente_27,Centro-Oeste,1,437.86,Sim,437.86,364.47,73.39,2025-09
2025-12-25,Cadeira Ergonômica,Eletrônicos,Cliente_50,Norte,3,1460.56,Sim,4381.68,3367.95,1013.73,2025-12
2025-07-17,Notebook,Eletrônicos,Cliente_43,Nordeste,2,1801.69,Sim,3603.38,2759.51,843.87,2025-07
2025-05-17,Notebook,Acessórios,Cliente_40,Centro-Oeste,4,3929.53,Não,15718.12,9971.93,5746.19,2025-05
2025-11-14,Teclado Mecânico,Eletrônicos,Cliente_38,Sudeste,3,4963.17,Sim,14889.51,9497.14,5392.37,2025-11
2025-06-14,Webcam HD,Acessórios,Cliente_33,Sudeste,1,1264.1,Não,1264.1,959.28,304.82,2025-06
2025-08-13,Smartphone,Móveis,Cliente_28,Nordeste,5,4381.59,Sim,21907.95,14911.83,6996.12,2025-08
2025-11-03,Monitor,Periféricos,Cliente_1,Norte,5,4166.66,Sim,20833.3,12631.46,8201.84,2025-11
2025-08-22,Notebook,Periféricos,Cliente_8,Sul,1,1185.31,Sim,1185.31,968.22,217.09,2025-08
2025-06-21,Mouse Gamer,Eletrônicos,Cliente_37,Nordeste,1,2044.72,Não,2044.72,1246.76,797.96,2025-06
2025-06-01,Notebook,Acessórios,Cliente_32,Centro-Oeste,5,2095.59,Sim,10477.95,8157.95,2320.0,2025-06
2025-11-11,Smartwatch,Periféricos,Cliente_48,Centro-Oeste,3,4892.85,Sim,14678.55,11181.5,3497.05,2025-11
2025-06-09,HD Externo,Acessórios,Cliente_43,Sudeste,5,969.99,Sim,4849.95,4319.58,530.37,2025-06
2025-04-06,Notebook,Acessórios,Cliente_37,Centro-Oeste,1,4011.86,Sim,4011.86,2989.89,1021.97,2025-04
2025-08-21,Smartwatch,Eletrônicos,Cliente_4,Nordeste,4,1724.23,Sim,6896.92,4269.75,2627.17,2025-08
2025-06-29,Teclado Mecânico,Periféricos,Cliente_30,Centro-Oeste,2,3675.88,Sim,7351.76,5627.82,1723.94,2025-06
2025-04-23,Teclado Mecânico,Eletrônicos,Cliente_6,Nordeste,4,2146.45,Sim,8585.8,7317.93,1267.87,2025-04
2025-11-14,Cadeira Ergonômica,Eletrônicos,Cliente_46,Sul,4,2925.53,Sim,11702.12,10520.85,1181.27,2025-11
2025-02-21,Notebook,Periféricos,Cliente_19,Sudeste,1,4176.45,Sim,4176.45,3045.06,1131.39,2025-02
2025-09-25,Mouse Gamer,Periféricos,Cliente_32,Centro-Oeste,5,4036.49,Sim,20182.45,14048.79,6133.66,2025-09
2025-10-22,Notebook,Móveis,Cliente_9,Nordeste,3,4342.8,Sim,13028.4,11360.71,1667.69,2025-10
2025-04-23,Mouse Gamer,Móveis,Cliente_12,Norte,4,373.32,Sim,1493.28,981.64,511.64,2025-04
2025-04-11,Fone de Ouvido,Acessórios,Cliente_11,Sudeste,5,3484.89,Sim,17424.45,13671.72,3752.73,2025-04
2025-04-23,Cadeira Ergonômica,Periféricos,Cliente_46,Sul,3,768.74,Sim,2306.22,1664.43,641.79,2025-04
2025-03-22,Fone de Ouvido,Móveis,Cliente_16,Nordeste,4,2125.83,Não,8503.32,5206.79,3296.53,2025-03
2025-07-06,Notebook,Acessórios,Cliente_1,Sul,3,2779.06,Não,8337.18,5870.93,2466.25,2025-07
2025-04-23,Cadeira Ergonômica,Acessórios,Cliente_45,Sul,5,2061.48,Não,10307.4,7004.58,3302.82,2025-04
2025-01-02,Fone de Ouvido,Acessórios,Cliente_21,Centro-Oeste,2,2636.49,Sim,5272.98,4249.11,1023.87,2025-01
2025-05-10,Smartphone,Móveis,Cliente_30,Centro-Oeste,5,4982.91,Sim,24914.55,22040.34,2874.21,2025-05
2025-08-08,Notebook,Periféricos,Cliente_13,Nordeste,1,745.27,Sim,745.27,507.09,238.18,2025-08
2025-02-23,Fone de Ouvido,Eletrônicos,Cliente_34,Norte,3,3403.24,Sim,10209.72,8611.28,1598.44,2025-02
2025-12-09,Smartphone,Acessórios,Cliente_4,Nordeste,2,2028.32,Sim,4056.64,2501.36,1555.28,2025-12
2025-08-12,Smartphone,Móveis,Cliente_28,Norte,3,734.41,Sim,2203.23,1677.62,525.61,2025-08
2025-08-13,Teclado Mecânico,Móveis,Cliente_38,Sul,3,860.98,Não,2582.94,1604.43,978.51,2025-08
2025-05-06,Notebook,Eletrônicos,Cliente_31,Sudeste,4,4750.42,Não,19001.68,16725.47,2276.21,2025-05
2025-05-10,Smartphone,Eletrônicos,Cliente_27,Nordeste,1,4407.64,Sim,4407.64,3657.92,749.72,2025-05
2025-02-22,Teclado Mecânico,Móveis,Cliente_5,Nordeste,3,4542.65,Sim,13627.95,10866.72,2761.23,2025-02
2025-06-21,Fone de Ouvido,Periféricos,Cliente_25,Norte,5,4958.34,Sim,24791.7,21002.76,3788.94,2025-06
2025-08-06,Smartwatch,Eletrônicos,Cliente_3,Sul,5,1104.91,Sim,5524.55,4387.91,1136.64,2025-08
2025-06-09,Notebook,Móveis,Cliente_33,Sul,4,1828.76,Sim,7315.04,6515.38,799.66,2025-06
2025-07-17,Cadeira Ergonômica,Eletrônicos,Cliente_4,Norte,1,3372.56,Sim,3372.56,2745.9,626.66,2025-07
2025-09-04,Mouse Gamer,Periféricos,Cliente_25,Sul,1,2460.31,Sim,2460.31,2158.67,301.64,2025-09
2025-11-20,Mouse Gamer,Acessórios,Cliente_20,Centro-Oeste,5,2138.48,Sim,10692.4,8074.25,2618.15,2025-11
2025-07-22,Fone de Ouvido,Eletrônicos,Cliente_34,Sudeste,2,1840.43,Sim,3680.86,2337.79,1343.07,2025-07
2025-07-03,Webcam HD,Periféricos,Cliente_26,Nordeste,4,3001.4,Sim,12005.6,9105.69,2899.91,2025-07
2025-05-03,Webcam HD,Móveis,Cliente_5,Sudeste,4,2911.92,Sim,11647.68,7431.94,4215.74,2025-05
2025-09-12,Fone de Ouvido,Eletrônicos,Cliente_35,Nordeste,5,874.37,Não,4371.85,3400.2,971.65,2025-09
2025-10-21,Smartphone,Eletrônicos,Cliente_28,Centro-Oeste,5,2400.96,Sim,12004.8,8940.55,3064.25,2025-10
2025-10-07,Notebook,Móveis,Cliente_29,Sul,2,2803.08,Sim,5606.16,4410.77,1195.39,2025-10
2025-11-21,Mouse Gamer,Acessórios,Cliente_9,Norte,2,2885.81,Sim,5771.62,3480.37,2291.25,2025-11
2025-04-08,Mouse Gamer,Móveis,Cliente_38,Centro-Oeste,1,1113.73,Sim,1113.73,733.34,380.39,2025-04
2025-07-17,Smartphone,Eletrônicos,Cliente_50,Sudeste,4,3731.98,Não,14927.92,11157.11,3770.81,2025-07
2025-08-28,Mouse Gamer,Móveis,Cliente_6,Norte,4,203.98,Sim,815.92,722.21,93.71,2025-08
2025-05-24,Cadeira Ergonômica,Periféricos,Cliente_19,Sul,5,1825.77,Sim,9128.85,6527.88,2600.97,2025-05
2025-04-07,Notebook,Móveis,Cliente_44,Centro-Oeste,1,3918.65,Sim,3918.65,2850.08,1068.57,2025-04
2025-07-20,HD Externo,Eletrônicos,Cliente_11,Norte,4,2854.35,Não,11417.4,9298.43,2118.97,2025-07
2025-05-04,Mouse Gamer,Móveis,Cliente_2,Centro-Oeste,1,1364.92,Sim,1364.92,1066.19,298.73,2025-05
2025-07-06,Fone de Ouvido,Acessórios,Cliente_47,Centro-Oeste,1,3499.17,Sim,3499.17,2413.3,1085.87,2025-07
2025-11-22,Cadeira Ergonômica,Móveis,Cliente_44,Sul,5,2871.56,Sim,14357.8,10384.21,3973.59,2025-11
2025-12-15,Mouse Gamer,Acessórios,Cliente_44,Nordeste,1,3997.52,Sim,3997.52,2659.59,1337.93,2025-12
2025-09-16,Cadeira Ergonômica,Periféricos,Cliente_9,Norte,2,3696.32,Sim,7392.64,6578.02,814.62,2025-09
2025-05-28,Teclado Mecânico,Acessórios,Cliente_21,Sul,2,3081.73,Sim,6163.46,3939.62,2223.84,2025-05
2025-09-09,HD Externo,Móveis,Cliente_24,Centro-Oeste,3,2481.83,Sim,7445.49,5297.85,2147.64,2025-09
2025-12-12,Monitor,Eletrônicos,Cliente_34,Sul,5,735.26,Não,3676.3,2234.28,1442.02,2025-12
2025-05-27,Fone de Ouvido,Acessórios,Cliente_22,Nordeste,3,1365.76,Sim,4097.28,2730.98,1366.3,2025-05
2025-05-28,Fone de Ouvido,Periféricos,Cliente_3,Norte,2,2141.97,Sim,4283.94,3573.41,710.53,2025-05
2025-12-18,Notebook,Acessórios,Cliente_12,Nordeste,3,3028.55,Sim,9085.65,5999.73,3085.92,2025-12
2025-07-18,Cadeira Ergonômica,Acessórios,Cliente_28,Sudeste,5,2607.44,Sim,13037.2,8135.46,4901.74,2025-07
2025-11-04,Smartphone,Acessórios,Cliente_30,Norte,5,1497.87,Sim,7489.35,5559.61,1929.74,2025-11
2025-05-08,Fone de Ouvido,Periféricos,Cliente_26,Nordeste,1,111.8,Sim,111.8,67.41,44.39,2025-05
2025-02-08,Cadeira Ergonômica,Móveis,Cliente_48,Centro-Oeste,4,2521.5,Sim,10086.0,6308.09,3777.91,2025-02
2025-12-04,Cadeira Ergonômica,Acessórios,Cliente_21,Norte,1,1485.28,Sim,1485.28,1251.03,234.25,2025-12
2025-12-26,Smartwatch,Acessórios,Cliente_28,Norte,5,3694.27,Sim,18471.35,15357.86,3113.49,2025-12
2025-05-09,Smartwatch,Eletrônicos,Cliente_26,Sul,2,197.82,Sim,395.64,346.0,49.64,2025-05
2025-09-24,Monitor,Periféricos,Cliente_33,Centro-Oeste,2,2957.35,Sim,5914.7,5065.08,849.62,2025-09
2025-05-31,Teclado Mecânico,Acessórios,Cliente_21,Sudeste,1,4712.05,Sim,4712.05,3792.98,919.07,2025-05
2025-10-25,Monitor,Periféricos,Cliente_35,Nordeste,5,938.09,Sim,4690.45,2887.91,1802.54,2025-10
2025-04-09,Mouse Gamer,Acessórios,Cliente_34,Sul,2,2400.52,Não,4801.04,4008.17,792.87,2025-04
2025-09-20,Smartphone,Móveis,Cliente_41,Nordeste,5,529.8,Não,2649.0,2261.33,387.67,2025-09
2025-09-09,Mouse Gamer,Móveis,Cliente_47,Sudeste,2,3158.36,Sim,6316.72,5304.31,1012.41,2025-09
2025-05-24,Webcam HD,Acessórios,Cliente_18,Sudeste,5,2788.62,Sim,13943.1,10492.79,3450.31,2025-05
2025-12-12,Mouse Gamer,Móveis,Cliente_11,Norte,3,2084.24,Sim,6252.72,4188.51,2064.21,2025-12
2025-04-22,Notebook,Acessórios,Cliente_23,Sudeste,5,2645.17,Não,13225.85,11289.57,1936.28,2025-04
2025-03-01,Mouse Gamer,Móveis,Cliente_48,Nordeste,5,4491.15,Sim,22455.75,18372.15,4083.6,2025-03
2025-01-02,Monitor,Eletrônicos,Cliente_22,Centro-Oeste,1,1045.77,Sim,1045.77,935.16,110.61,2025-01
2025-10-31,Fone de Ouvido,Eletrônicos,Cliente_17,Centro-Oeste,3,191.02,Sim,573.06,370.6,202.46,2025-10
2025-09-11,Fone de Ouvido,Eletrônicos,Cliente_5,Norte,4,4319.39,Não,17277.56,11536.22,5741.34,2025-09
2025-05-20,Smartwatch,Periféricos,Cliente_44,Nordeste,1,2919.42,Sim,2919.42,1937.15,982.27,2025-05
2025-02-06,Smartphone,Periféricos,Cliente_11,Nordeste,4,4462.04,Sim,17848.16,14952.51,2895.65,2025-02
2025-06-09,Smartphone,Eletrônicos,Cliente_30,Sudeste,2,3016.97,Sim,6033.94,3958.7,2075.24,2025-06
2025-01-09,Notebook,Periféricos,Cliente_15,Nordeste,4,4065.99,Sim,16263.96,10083.62,6180.34,2025-01
2025-08-21,Monitor,Móveis,Cliente_27,Sul,5,2193.99,Sim,10969.95,9868.22,1101.73,2025-08
2025-04-09,Smartwatch,Acessórios,Cliente_35,Sudeste,4,3769.31,Sim,15077.24,9158.6,5918.64,2025-04
2025-05-27,Webcam HD,Acessórios,Cliente_33,Sul,1,4572.16,Sim,4572.16,3888.96,683.2,2025-05
2025-10-31,Smartphone,Acessórios,Cliente_20,Norte,1,2894.84,Sim,2894.84,2054.21,840.63,2025-10
2025-07-27,Fone de Ouvido,Eletrônicos,Cliente_16,Centro-Oeste,4,969.46,Sim,3877.84,3305.8,572.04,2025-07
2025-05-11,Mouse Gamer,Periféricos,Cliente_34,Norte,1,1402.48,Sim,1402.48,1074.84,327.64,2025-05
2025-06-01,Mouse Gamer,Móveis,Cliente_2,Centro-Oeste,1,1057.33,Sim,1057.33,920.39,136.94,2025-06
2025-02-23,Smartwatch,Móveis,Cliente_35,Norte,4,1294.54,Sim,5178.16,4545.69,632.47,2025-02
2025-04-30,Monitor,Eletrônicos,Cliente_40,Nordeste,3,1587.56,Sim,4762.68,2870.61,1892.07,2025-04
2025-06-10,Monitor,Móveis,Cliente_28,Sul,3,2811.26,Sim,8433.78,5251.07,3182.71,2025-06
2025-04-26,Teclado Mecânico,Móveis,Cliente_47,Centro-Oeste,2,2972.92,Sim,5945.84,4014.08,1931.76,2025-04
2025-03-16,HD Externo,Móveis,Cliente_39,Sudeste,1,2178.38,Sim,2178.38,1744.43,433.95,2025-03
2025-04-23,Smartphone,Móveis,Cliente_6,Sul,4,3107.87,Não,12431.48,10771.65,1659.83,2025-04
2025-04-14,Monitor,Periféricos,Cliente_9,Sudeste,1,481.35,Sim,481.35,355.23,126.12,2025-04
2025-12-06,Fone de Ouvido,Móveis,Cliente_20,Sul,5,511.92,Sim,2559.6,2001.84,557.76,2025-12
2025-09-11,Smartwatch,Acessórios,Cliente_1,Sul,1,925.4,Sim,925.4,607.57,317.83,2025-09
2025-08-15,Webcam HD,Eletrônicos,Cliente_8,Norte,1,2628.94,Sim,2628.94,2212.23,416.71,2025-08
2025-04-22,Teclado Mecânico,Periféricos,Cliente_23,Centro-Oeste,3,1132.85,Não,3398.55,3025.38,373.17,2025-04
2025-04-09,Cadeira Ergonômica,Móveis,Cliente_3,Centro-Oeste,4,1473.76,Não,5895.04,4012.04,1883.0,2025-04
2025-06-02,Notebook,Periféricos,Cliente_4,Sul,1,2049.54,Sim,2049.54,1533.97,515.57,2025-06
2025-12-15,Webcam HD,Móveis,Cliente_25,Nordeste,3,4074.38,Sim,12223.14,7649.67,4573.47,2025-12
2025-12-04,Cadeira Ergonômica,Acessórios,Cliente_47,Nordeste,2,148.2,Sim,296.4,227.56,68.84,2025-12
2025-07-13,Mouse Gamer,Eletrônicos,Cliente_38,Sudeste,3,3274.94,Sim,9824.82,7376.82,2448.0,2025-07
2025-11-06,Notebook,Móveis,Cliente_15,Sudeste,3,3370.87,Sim,10112.61,6505.75,3606.86,2025-11
2025-06-12,Smartphone,Móveis,Cliente_21,Norte,3,4009.39,Sim,12028.17,8812.08,3216.09,2025-06
2025-07-27,Fone de Ouvido,Móveis,Cliente_35,Sul,1,4669.14,Sim,4669.14,3269.48,1399.66,2025-07
2025-06-18,Notebook,Móveis,Cliente_46,Sudeste,1,179.08,Sim,179.08,135.48,43.6,2025-06
2025-06-10,HD Externo,Eletrônicos,Cliente_14,Sudeste,2,836.62,Não,1673.24,1297.93,375.31,2025-06
2025-03-09,Cadeira Ergonômica,Eletrônicos,Cliente_36,Sul,5,4439.96,Sim,22199.8,13376.46,8823.34,2025-03
2025-10-16,Smartphone,Acessórios,Cliente_12,Norte,5,2335.91,Não,11679.55,9674.19,2005.36,2025-10
2025-10-04,HD Externo,Eletrônicos,Cliente_17,Sudeste,5,2857.79,Sim,14288.95,11629.84,2659.11,2025-10
2025-10-31,Mouse Gamer,Móveis,Cliente_39,Norte,2,3342.09,Sim,6684.18,4745.01,1939.17,2025-10
2025-05-15,HD Externo,Acessórios,Cliente_9,Centro-Oeste,5,3421.01,Sim,17105.05,10534.67,6570.38,2025-05
2025-07-14,Teclado Mecânico,Acessórios,Cliente_35,Norte,5,4664.16,Sim,23320.8,19274.17,4046.63,2025-07
2025-05-08,Teclado Mecânico,Acessórios,Cliente_13,Nordeste,3,4984.99,Sim,14954.97,13258.37,1696.6,2025-05
2025-02-02,Smartwatch,Móveis,Cliente_15,Nordeste,1,3623.17,Sim,3623.17,2434.94,1188.23,2025-02
2025-06-25,Webcam HD,Periféricos,Cliente_18,Norte,1,1493.13,Não,1493.13,1040.8,452.33,2025-06
2025-01-22,Webcam HD,Móveis,Cliente_33,Nordeste,3,4408.38,Sim,13225.14,8664.37,4560.77,2025-01
2025-08-26,Smartphone,Eletrônicos,Cliente_6,Centro-Oeste,3,322.17,Sim,966.51,747.19,219.32,2025-08
2025-06-07,Mouse Gamer,Eletrônicos,Cliente_27,Sul,3,1216.92,Não,3650.76,2360.04,1290.72,2025-06
2025-02-07,Monitor,Móveis,Cliente_23,Nordeste,1,4495.14,Sim,4495.14,3177.43,1317.71,2025-02
2025-08-18,Teclado Mecânico,Móveis,Cliente_27,Nordeste,5,1340.46,Sim,6702.3,5422.86,1279.44,2025-08
2025-12-31,Smartphone,Acessórios,Cliente_34,Norte,3,1165.6,Sim,3496.8,2685.66,811.14,2025-12
2025-02-20,Monitor,Móveis,Cliente_46,Centro-Oeste,2,759.58,Não,1519.16,1087.63,431.53,2025-02
2025-09-21,Webcam HD,Acessórios,Cliente_38,Sul,3,4306.83,Não,12920.49,9381.24,3539.25,2025-09
2025-10-10,Smartwatch,Eletrônicos,Cliente_14,Norte,4,2540.29,Não,10161.16,7810.21,2350.95,2025-10
2025-01-27,HD Externo,Acessórios,Cliente_36,Norte,3,3400.47,Sim,10201.41,6138.79,4062.62,2025-01
2025-08-14,Teclado Mecânico,Móveis,Cliente_8,Centro-Oeste,1,1256.21,Não,1256.21,783.31,472.9,2025-08
2025-10-04,Smartphone,Eletrônicos,Cliente_35,Sul,3,3809.56,Sim,11428.68,9878.69,1549.99,2025-10
2025-10-13,Notebook,Periféricos,Cliente_19,Centro-Oeste,4,3819.23,Sim,15276.92,9523.08,5753.84,2025-10
2025-04-07,Monitor,Acessórios,Cliente_30,Sul,2,1617.98,Sim,3235.96,2627.73,608.23,2025-04
2025-10-11,HD Externo,Eletrônicos,Cliente_14,Centro-Oeste,5,2100.56,Sim,10502.8,9200.57,1302.23,2025-10
2025-11-13,Teclado Mecânico,Acessórios,Cliente_20,Norte,3,1111.68,Não,3335.04,2271.85,1063.19,2025-11
2025-10-31,Webcam HD,Eletrônicos,Cliente_49,Norte,4,4884.68,Não,19538.72,13894.91,5643.81,2025-10
2025-05-27,Mouse Gamer,Eletrônicos,Cliente_25,Sudeste,4,3256.36,Sim,13025.44,10038.4,2987.04,2025-05
2025-01-04,Monitor,Acessórios,Cliente_40,Nordeste,2,4677.96,Sim,9355.92,8088.31,1267.61,2025-01
2025-02-04,Webcam HD,Periféricos,Cliente_24,Centro-Oeste,1,1572.66,Sim,1572.66,1387.99,184.67,2025-02
2025-07-11,Teclado Mecânico,Eletrônicos,Cliente_14,Sudeste,3,3926.9,Não,11780.7,9682.19,2098.51,2025-07
2025-02-18,Monitor,Eletrônicos,Cliente_26,Nordeste,4,3848.02,Sim,15392.08,9635.23,5756.85,2025-02
2025-01-17,HD Externo,Eletrônicos,Cliente_38,Centro-Oeste,2,3482.95,Sim,6965.9,5577.92,1387.98,2025-01
2025-06-21,Teclado Mecânico,Periféricos,Cliente_23,Sul,5,4830.94,Sim,24154.7,17466.05,6688.65,2025-06
2025-08-08,Cadeira Ergonômica,Periféricos,Cliente_22,Nordeste,4,2016.29,Sim,8065.16,5977.98,2087.18,2025-08
2025-06-07,Smartphone,Móveis,Cliente_48,Norte,2,723.13,Sim,1446.26,889.08,557.18,2025-06
2025-02-15,HD Externo,Acessórios,Cliente_19,Sudeste,1,3384.81,Não,3384.81,2224.9,1159.91,2025-02
2025-01-06,Monitor,Periféricos,Cliente_46,Nordeste,1,3668.2,Sim,3668.2,3070.85,597.35,2025-01
2025-04-09,Mouse Gamer,Acessórios,Cliente_3,Nordeste,4,2909.3,Sim,11637.2,8567.16,3070.04,2025-04
2025-08-21,Webcam HD,Móveis,Cliente_42,Norte,4,1097.54,Sim,4390.16,3031.4,1358.76,2025-08
2025-02-06,Notebook,Acessórios,Cliente_19,Centro-Oeste,3,2561.92,Sim,7685.76,5496.9,2188.86,2025-02
2025-10-07,Webcam HD,Periféricos,Cliente_9,Sul,2,1615.97,Não,3231.94,2767.57,464.37,2025-10
2025-12-15,Monitor,Acessórios,Cliente_28,Norte,4,2183.14,Sim,8732.56,7201.74,1530.82,2025-12
2025-10-29,Webcam HD,Periféricos,Cliente_20,Sul,3,3254.48,Sim,9763.44,6655.68,3107.76,2025-10
2025-06-30,Smartphone,Acessórios,Cliente_45,Centro-Oeste,3,3746.46,Sim,11239.38,7139.82,4099.56,2025-06
2025-04-05,Teclado Mecânico,Periféricos,Cliente_7,Nordeste,4,1222.55,Sim,4890.2,3303.82,1586.38,2025-04
2025-04-09,Notebook,Periféricos,Cliente_14,Sul,1,2074.2,Sim,2074.2,1817.47,256.73,2025-04
2025-07-07,Fone de Ouvido,Acessórios,Cliente_9,Sudeste,2,1404.27,Sim,2808.54,2175.15,633.39,2025-07
2025-04-26,Monitor,Móveis,Cliente_19,Sudeste,2,1057.27,Sim,2114.54,1607.14,507.4,2025-04
2025-07-10,Smartwatch,Eletrônicos,Cliente_47,Norte,1,3934.27,Sim,3934.27,3064.47,869.8,2025-07
2025-09-10,Fone de Ouvido,Móveis,Cliente_14,Centro-Oeste,4,4553.52,Sim,18214.08,12928.51,5285.57,2025-09
2025-06-10,Webcam HD,Acessórios,Cliente_38,Norte,2,1901.54,Sim,3803.08,3202.7,600.38,2025-06
2025-09-13,Monitor,Móveis,Cliente_36,Norte,4,3776.29,Sim,15105.16,11434.39,3670.77,2025-09
2025-11-19,Cadeira Ergonômica,Periféricos,Cliente_40,Norte,4,4493.22,Sim,17972.88,11413.22,6559.66,2025-11
2025-05-08,Smartwatch,Eletrônicos,Cliente_17,Sudeste,3,4242.93,Não,12728.79,8130.13,4598.66,2025-05
2025-01-18,Notebook,Acessórios,Cliente_30,Sudeste,1,979.44,Não,979.44,745.41,234.03,2025-01
2025-10-08,Mouse Gamer,Acessórios,Cliente_9,Norte,4,4784.96,Sim,19139.84,16861.65,2278.19,2025-10
2025-08-11,Cadeira Ergonômica,Acessórios,Cliente_33,Sudeste,5,1933.25,Sim,9666.25,6693.93,2972.32,2025-08
2025-02-23,Fone de Ouvido,Eletrônicos,Cliente_25,Centro-Oeste,1,1749.06,Sim,1749.06,1505.7,243.36,2025-02
2025-02-27,Teclado Mecânico,Periféricos,Cliente_14,Norte,2,387.16,Sim,774.32,642.09,132.23,2025-02
2025-11-19,Smartphone,Acessórios,Cliente_11,Sudeste,3,2471.97,Não,7415.91,5000.87,2415.04,2025-11
2025-12-26,Mouse Gamer,Móveis,Cliente_35,Sul,2,616.35,Sim,1232.7,753.06,479.64,2025-12
2025-06-23,Cadeira Ergonômica,Acessórios,Cliente_41,Norte,2,1302.82,Sim,2605.64,1643.0,962.64,2025-06
2025-10-07,Teclado Mecânico,Acessórios,Cliente_14,Norte,1,1639.36,Não,1639.36,1341.9,297.46,2025-10
2025-04-24,Teclado Mecânico,Acessórios,Cliente_30,Centro-Oeste,2,4059.43,Não,8118.86,5357.64,2761.22,2025-04
2025-10-15,Monitor,Acessórios,Cliente_41,Nordeste,4,4387.4,Sim,17549.6,12484.46,5065.14,2025-10
2025-12-08,Cadeira Ergonômica,Periféricos,Cliente_4,Nordeste,2,1568.13,Sim,3136.26,2353.79,782.47,2025-12
2025-05-31,Notebook,Móveis,Cliente_4,Centro-Oeste,3,4304.79,Sim,12914.37,10559.31,2355.06,2025-05
2025-05-07,Webcam HD,Periféricos,Cliente_28,Centro-Oeste,3,4297.58,Sim,12892.74,8173.6,4719.14,2025-05
2025-06-04,Smartwatch,Móveis,Cliente_8,Centro-Oeste,5,3842.08,Não,19210.4,13868.18,5342.22,2025-06
2025-09-30,Smartwatch,Acessórios,Cliente_2,Nordeste,3,801.74,Não,2405.22,1793.14,612.08,2025-09
2025-04-14,Fone de Ouvido,Eletrônicos,Cliente_41,Centro-Oeste,2,3476.39,Sim,6952.78,5299.74,1653.04,2025-04
2025-10-26,Fone de Ouvido,Periféricos,Cliente_46,Sudeste,3,4729.52,Sim,14188.56,11996.54,2192.02,2025-10
2025-09-03,Smartwatch,Eletrônicos,Cliente_22,Norte,1,3438.1,Não,3438.1,2239.93,1198.17,2025-09
2025-06-25,Notebook,Periféricos,Cliente_41,Norte,3,1711.55,Sim,5134.65,4325.17,809.48,2025-06
2025-02-08,Smartphone,Acessórios,Cliente_16,Sul,4,2542.85,Sim,10171.4,8217.1,1954.3,2025-02
2025-06-19,HD Externo,Periféricos,Cliente_29,Sul,1,3256.97,Sim,3256.97,2497.32,759.65,2025-06
2025-09-04,Webcam HD,Acessórios,Cliente_49,Norte,5,2592.01,Sim,12960.05,10495.8,2464.25,2025-09
2025-01-26,Smartphone,Periféricos,Cliente_48,Sudeste,4,670.17,Sim,2680.68,1939.75,740.93,2025-01
2025-12-21,Monitor,Acessórios,Cliente_30,Nordeste,2,1615.36,Sim,3230.72,2072.57,1158.15,2025-12
2025-11-02,HD Externo,Acessórios,Cliente_12,Nordeste,2,4027.79,Sim,8055.58,6442.29,1613.29,2025-11
2025-01-13,HD Externo,Móveis,Cliente_35,Sudeste,2,4318.18,Sim,8636.36,6541.19,2095.17,2025-01
2025-11-12,Cadeira Ergonômica,Acessórios,Cliente_11,Nordeste,4,755.52,Sim,3022.08,2392.92,629.16,2025-11
2025-11-09,Notebook,Móveis,Cliente_46,Centro-Oeste,4,4765.74,Sim,19062.96,13370.75,5692.21,2025-11
2025-02-05,Notebook,Acessórios,Cliente_50,Norte,4,1697.81,Sim,6791.24,5922.37,868.87,2025-02
2025-06-22,HD Externo,Eletrônicos,Cliente_21,Norte,1,3338.58,Não,3338.58,2591.44,747.14,2025-06
2025-01-20,Cadeira Ergonômica,Acessórios,Cliente_21,Sudeste,1,3778.98,Sim,3778.98,2364.21,1414.77,2025-01
2025-11-17,Webcam HD,Eletrônicos,Cliente_5,Nordeste,2,4074.78,Sim,8149.56,5989.45,2160.11,2025-11
2025-09-21,HD Externo,Eletrônicos,Cliente_48,Sul,3,4733.09,Sim,14199.27,11741.47,2457.8,2025-09
2025-05-22,Mouse Gamer,Acessórios,Cliente_20,Sul,2,1619.56,Não,3239.12,2715.16,523.96,2025-05
2025-05-23,Fone de Ouvido,Eletrônicos,Cliente_37,Nordeste,5,4303.85,Sim,21519.25,16104.56,5414.69,2025-05
2025-04-02,Fone de Ouvido,Móveis,Cliente_3,Sul,1,727.9,Sim,727.9,632.13,95.77,2025-04
2025-12-20,Smartphone,Periféricos,Cliente_44,Sudeste,4,3548.8,Sim,14195.2,9657.0,4538.2,2025-12
2025-11-18,Monitor,Acessórios,Cliente_33,Sudeste,1,3730.53,Sim,3730.53,2697.84,1032.69,2025-11
2025-10-15,Fone de Ouvido,Eletrônicos,Cliente_9,Nordeste,4,3414.4,Sim,13657.6,11876.36,1781.24,2025-10
2025-08-03,Teclado Mecânico,Acessórios,Cliente_9,Sul,5,1321.39,Sim,6606.95,5740.63,866.32,2025-08
2025-12-08,Smartphone,Móveis,Cliente_4,Sudeste,5,4375.37,Sim,21876.85,17626.48,4250.37,2025-12
2025-02-20,Fone de Ouvido,Acessórios,Cliente_35,Sudeste,1,910.78,Sim,910.78,781.17,129.61,2025-02
2025-06-02,Monitor,Acessórios,Cliente_17,Centro-Oeste,4,343.88,Sim,1375.52,861.94,513.58,2025-06
2025-07-05,Notebook,Eletrônicos,Cliente_34,Centro-Oeste,5,3609.93,Sim,18049.65,15513.65,2536.0,2025-07
2025-03-04,Notebook,Móveis,Cliente_24,Sudeste,2,2419.34,Sim,4838.68,3368.62,1470.06,2025-03
2025-07-09,Webcam HD,Periféricos,Cliente_32,Nordeste,2,4257.56,Sim,8515.12,5564.63,2950.49,2025-07
2025-05-05,HD Externo,Periféricos,Cliente_1,Norte,4,1966.31,Sim,7865.24,5283.95,2581.29,2025-05
2025-05-30,Mouse Gamer,Eletrônicos,Cliente_8,Norte,1,907.93,Sim,907.93,658.6,249.33,2025-05
2025-11-10,Notebook,Acessórios,Cliente_45,Sudeste,5,4195.3,Sim,20976.5,14166.64,6809.86,2025-11
2025-02-27,Cadeira Ergonômica,Eletrônicos,Cliente_23,Sudeste,1,2780.64,Não,2780.64,1935.8,844.84,2025-02
2025-12-08,Fone de Ouvido,Eletrônicos,Cliente_47,Sudeste,2,1010.84,Não,2021.68,1294.87,726.81,2025-12
2025-11-01,Cadeira Ergonômica,Eletrônicos,Cliente_40,Nordeste,5,3624.29,Sim,18121.45,12483.02,5638.43,2025-11
2025-06-29,Monitor,Acessórios,Cliente_12,Centro-Oeste,1,2594.68,Sim,2594.68,2002.28,592.4,2025-06
2025-06-19,Notebook,Móveis,Cliente_12,Sudeste,3,3053.22,Sim,9159.66,6709.96,2449.7,2025-06
2025-11-22,Mouse Gamer,Eletrônicos,Cliente_46,Sudeste,4,2347.62,Não,9390.48,6611.04,2779.44,2025-11
2025-09-28,Monitor,Acessórios,Cliente_47,Sul,4,4157.25,Sim,16629.0,13701.23,2927.77,2025-09
2025-02-23,Teclado Mecânico,Móveis,Cliente_15,Nordeste,3,4161.45,Sim,12484.35,10837.08,1647.27,2025-02
2025-04-11,Teclado Mecânico,Eletrônicos,Cliente_41,Sudeste,2,3570.19,Sim,7140.38,5905.36,1235.02,2025-04
2025-09-21,Cadeira Ergonômica,Periféricos,Cliente_19,Sul,5,598.57,Sim,2992.85,2093.8,899.05,2025-09
2025-02-22,HD Externo,Móveis,Cliente_26,Norte,4,4207.16,Não,16828.64,13855.57,2973.07,2025-02
2025-03-01,Smartphone,Eletrônicos,Cliente_29,Sudeste,3,3381.38,Sim,10144.14,6549.0,3595.14,2025-03
2025-04-18,HD Externo,Móveis,Cliente_22,Sudeste,3,3509.36,Sim,10528.08,6728.45,3799.63,2025-04
2025-01-05,Webcam HD,Móveis,Cliente_40,Sul,2,1865.88,Não,3731.76,2626.0,1105.76,2025-01
2025-04-13,HD Externo,Móveis,Cliente_21,Nordeste,2,4406.06,Sim,8812.12,7422.54,1389.58,2025-04
2025-07-15,Webcam HD,Móveis,Cliente_38,Sudeste,1,3648.83,Sim,3648.83,2458.96,1189.87,2025-07
2025-09-19,Webcam HD,Móveis,Cliente_20,Norte,4,633.95,Sim,2535.8,1569.6,966.2,2025-09
2025-12-31,Mouse Gamer,Móveis,Cliente_29,Sudeste,1,2086.27,Não,2086.27,1334.2,752.07,2025-12
2025-12-16,Notebook,Eletrônicos,Cliente_4,Norte,3,4440.99,Sim,13322.97,11426.09,1896.88,2025-12
2025-02-16,Mouse Gamer,Periféricos,Cliente_7,Centro-Oeste,5,312.21,Sim,1561.05,1233.44,327.61,2025-02
2025-12-21,Webcam HD,Acessórios,Cliente_28,Centro-Oeste,5,4810.17,Sim,24050.85,16257.42,7793.43,2025-12
2025-11-07,Monitor,Móveis,Cliente_28,Norte,2,3421.48,Sim,6842.96,5245.74,1597.22,2025-11
2025-11-04,Teclado Mecânico,Acessórios,Cliente_4,Nordeste,5,3186.37,Sim,15931.85,12080.71,3851.14,2025-11
2025-05-24,Webcam HD,Eletrônicos,Cliente_22,Sudeste,5,1411.15,Sim,7055.75,5620.83,1434.92,2025-05
2025-09-26,Mouse Gamer,Móveis,Cliente_12,Sudeste,5,1304.06,Sim,6520.3,4368.32,2151.98,2025-09
2025-05-04,Monitor,Periféricos,Cliente_45,Centro-Oeste,3,4714.93,Não,14144.79,12154.91,1989.88,2025-05
2025-04-16,Mouse Gamer,Acessórios,Cliente_3,Norte,5,1547.5,Sim,7737.5,5360.62,2376.88,2025-04
2025-06-07,HD Externo,Móveis,Cliente_22,Sudeste,5,3895.49,Sim,19477.45,15742.44,3735.01,2025-06
2025-05-27,Fone de Ouvido,Eletrônicos,Cliente_44,Sudeste,5,2014.16,Sim,10070.8,6091.2,3979.6,2025-05
2025-05-25,Cadeira Ergonômica,Periféricos,Cliente_2,Nordeste,1,765.13,Sim,765.13,544.62,220.51,2025-05
2025-04-30,Smartphone,Acessórios,Cliente_24,Sul,3,132.72,Não,398.16,280.91,117.25,2025-04
2025-11-15,Mouse Gamer,Acessórios,Cliente_34,Centro-Oeste,2,2757.75,Sim,5515.5,4208.58,1306.92,2025-11
2025-10-02,Smartphone,Móveis,Cliente_27,Centro-Oeste,1,4880.83,Sim,4880.83,3035.0,1845.83,2025-10
2025-04-02,Smartwatch,Periféricos,Cliente_41,Sul,4,1896.15,Sim,7584.6,6348.61,1235.99,2025-04
2025-02-27,Mouse Gamer,Periféricos,Cliente_1,Sudeste,3,1837.39,Sim,5512.17,3667.44,1844.73,2025-02
2025-12-12,Fone de Ouvido,Periféricos,Cliente_8,Nordeste,3,1772.93,Sim,5318.79,4271.58,1047.21,2025-12
2025-08-17,Smartphone,Periféricos,Cliente_23,Nordeste,4,2641.08,Sim,10564.32,8884.21,1680.11,2025-08
2025-04-27,Webcam HD,Eletrônicos,Cliente_38,Centro-Oeste,4,2248.07,Sim,8992.28,6911.13,2081.15,2025-04
2025-11-14,Mouse Gamer,Periféricos,Cliente_6,Nordeste,4,4409.18,Sim,17636.72,14502.06,3134.66,2025-11
2025-10-06,Notebook,Acessórios,Cliente_22,Sul,2,2567.16,Sim,5134.32,4100.05,1034.27,2025-10
2025-05-07,Cadeira Ergonômica,Acessórios,Cliente_25,Sudeste,5,2578.17,Sim,12890.85,9109.43,3781.42,2025-05
2025-05-09,Fone de Ouvido,Eletrônicos,Cliente_18,Sul,3,760.79,Não,2282.37,1923.26,359.11,2025-05
2025-02-27,Smartphone,Acessórios,Cliente_17,Norte,5,4915.08,Sim,24575.4,16917.96,7657.44,2025-02
2025-05-02,Fone de Ouvido,Acessórios,Cliente_12,Centro-Oeste,5,1309.87,Sim,6549.35,5051.93,1497.42,2025-05
2025-01-01,Monitor,Periféricos,Cliente_6,Nordeste,4,440.95,Sim,1763.8,1452.7,311.1,2025-01
2025-08-27,Cadeira Ergonômica,Acessórios,Cliente_26,Norte,2,3342.68,Sim,6685.36,4771.25,1914.11,2025-08
2025-10-17,Webcam HD,Eletrônicos,Cliente_27,Nordeste,1,3009.2,Sim,3009.2,2078.85,930.35,2025-10
2025-04-06,Mouse Gamer,Periféricos,Cliente_8,Sudeste,2,2122.52,Não,4245.04,3132.01,1113.03,2025-04
2025-05-06,Mouse Gamer,Móveis,Cliente_19,Sudeste,5,2157.19,Sim,10785.95,9118.32,1667.63,2025-05
2025-04-28,Mouse Gamer,Periféricos,Cliente_42,Sudeste,2,3942.51,Não,7885.02,6930.75,954.27,2025-04
2025-02-17,Cadeira Ergonômica,Eletrônicos,Cliente_1,Nordeste,4,1042.91,Sim,4171.64,3185.15,986.49,2025-02
2025-03-30,Notebook,Periféricos,Cliente_29,Norte,1,4115.65,Sim,4115.65,3286.1,829.55,2025-03
2025-08-25,Smartwatch,Periféricos,Cliente_45,Sudeste,4,3271.84,Não,13087.36,11398.86,1688.5,2025-08
2025-09-29,Teclado Mecânico,Eletrônicos,Cliente_49,Norte,1,2141.33,Sim,2141.33,1348.1,793.23,2025-09
2025-07-08,HD Externo,Periféricos,Cliente_35,Nordeste,5,2333.5,Não,11667.5,7812.83,3854.67,2025-07
2025-07-11,Smartphone,Eletrônicos,Cliente_40,Norte,1,1342.7,Sim,1342.7,1091.17,251.53,2025-07
2025-03-10,Notebook,Eletrônicos,Cliente_14,Nordeste,1,3780.4,Não,3780.4,3202.47,577.93,2025-03
2025-10-05,Webcam HD,Móveis,Cliente_35,Nordeste,1,2603.34,Sim,2603.34,2231.35,371.99,2025-10
2025-12-15,Smartphone,Acessórios,Cliente_48,Centro-Oeste,2,1658.6,Sim,3317.2,2403.42,913.78,2025-12
2025-09-04,Mouse Gamer,Acessórios,Cliente_45,Nordeste,2,3012.57,Sim,6025.14,3776.57,2248.57,2025-09
2025-03-17,Fone de Ouvido,Periféricos,Cliente_20,Nordeste,5,4979.01,Sim,24895.05,18206.61,6688.44,2025-03
2025-06-03,Webcam HD,Periféricos,Cliente_49,Sul,1,2221.49,Sim,2221.49,1486.67,734.82,2025-06
2025-05-24,Smartphone,Móveis,Cliente_13,Sudeste,3,4609.8,Sim,13829.4,9505.76,4323.64,2025-05
2025-03-27,Mouse Gamer,Móveis,Cliente_38,Centro-Oeste,5,1777.48,Sim,8887.4,7391.48,1495.92,2025-03
2025-07-04,Smartphone,Móveis,Cliente_49,Centro-Oeste,1,349.28,Sim,349.28,217.48,131.8,2025-07
2025-10-12,Fone de Ouvido,Eletrônicos,Cliente_46,Centro-Oeste,1,1084.87,Sim,1084.87,920.27,164.6,2025-10
2025-08-08,Mouse Gamer,Móveis,Cliente_49,Sul,2,2139.98,Sim,4279.96,3117.1,1162.86,2025-08
2025-03-10,Smartwatch,Móveis,Cliente_8,Nordeste,5,1160.6,Sim,5803.0,4519.49,1283.51,2025-03
2025-02-16,Notebook,Periféricos,Cliente_43,Sudeste,1,81.12,Sim,81.12,50.85,30.27,2025-02
2025-04-04,Monitor,Móveis,Cliente_20,Norte,1,4581.81,Sim,4581.81,3212.8,1369.01,2025-04
2025-08-26,HD Externo,Eletrônicos,Cliente_33,Nordeste,5,4231.89,Sim,21159.45,13265.08,7894.37,2025-08
2025-07-23,Cadeira Ergonômica,Eletrônicos,Cliente_26,Sul,3,3732.08,Sim,11196.24,9947.45,1248.79,2025-07
2025-08-06,HD Externo,Periféricos,Cliente_39,Nordeste,5,905.65,Não,4528.25,3813.59,714.66,2025-08
2025-12-07,Webcam HD,Móveis,Cliente_21,Nordeste,5,672.19,Não,3360.95,2480.01,880.94,2025-12
2025-02-08,HD Externo,Móveis,Cliente_49,Sul,3,412.62,Sim,1237.86,825.75,412.11,2025-02
2025-04-10,Mouse Gamer,Eletrônicos,Cliente_42,Centro-Oeste,5,3642.22,Sim,18211.1,16026.43,2184.67,2025-04
2025-10-16,Smartwatch,Móveis,Cliente_43,Centro-Oeste,1,4649.74,Sim,4649.74,3270.53,1379.21,2025-10
2025-09-11,Monitor,Móveis,Cliente_41,Sudeste,5,2198.24,Sim,10991.2,7125.54,3865.66,2025-09
2025-08-10,Notebook,Móveis,Cliente_9,Sudeste,3,666.17,Sim,1998.51,1536.75,461.76,2025-08
2025-12-23,Notebook,Acessórios,Cliente_24,Centro-Oeste,4,2600.97,Sim,10403.88,9188.0,1215.88,2025-12
2025-01-23,Fone de Ouvido,Periféricos,Cliente_37,Norte,5,1796.25,Sim,8981.25,5399.07,3582.18,2025-01
2025-09-07,Cadeira Ergonômica,Acessórios,Cliente_49,Nordeste,2,1924.14,Sim,3848.28,2583.88,1264.4,2025-09
2025-01-10,Smartphone,Periféricos,Cliente_41,Norte,1,3136.95,Sim,3136.95,2765.33,371.62,2025-01
2025-09-03,Smartwatch,Eletrônicos,Cliente_17,Nordeste,1,3616.09,Não,3616.09,2355.25,1260.84,2025-09
2025-11-21,Smartphone,Móveis,Cliente_24,Centro-Oeste,2,624.17,Sim,1248.34,791.41,456.93,2025-11
2025-04-10,Monitor,Periféricos,Cliente_21,Sudeste,2,255.1,Não,510.2,393.39,116.81,2025-04
2025-10-17,HD Externo,Acessórios,Cliente_39,Sudeste,5,4972.11,Não,24860.55,21344.1,3516.45,2025-10
2025-06-29,Notebook,Móveis,Cliente_41,Norte,2,1225.02,Sim,2450.04,1820.71,629.33,2025-06
2025-08-11,Monitor,Eletrônicos,Cliente_39,Sudeste,4,344.85,Sim,1379.4,1239.21,140.19,2025-08
2025-09-07,HD Externo,Periféricos,Cliente_13,Centro-Oeste,3,1014.19,Sim,3042.57,2445.47,597.1,2025-09
2025-05-27,Notebook,Periféricos,Cliente_11,Norte,2,271.67,Não,543.34,338.08,205.26,2025-05
2025-04-06,HD Externo,Periféricos,Cliente_46,Nordeste,2,2007.71,Não,4015.42,3605.24,410.18,2025-04
2025-09-14,Cadeira Ergonômica,Móveis,Cliente_19,Sudeste,4,4027.82,Sim,16111.28,11638.28,4473.0,2025-09
2025-11-21,Smartwatch,Acessórios,Cliente_11,Sul,1,1758.92,Sim,1758.92,1207.01,551.91,2025-11
2025-01-04,Webcam HD,Acessórios,Cliente_13,Sudeste,1,2265.38,Sim,2265.38,1738.37,527.01,2025-01
2025-01-16,Monitor,Periféricos,Cliente_46,Nordeste,5,3403.89,Sim,17019.45,11765.41,5254.04,2025-01
2025-10-07,Monitor,Eletrônicos,Cliente_45,Norte,4,2583.76,Sim,10335.04,6469.09,3865.95,2025-10
2025-12-02,Teclado Mecânico,Eletrônicos,Cliente_1,Nordeste,3,4318.31,Não,12954.93,7778.51,5176.42,2025-12
2025-09-04,Mouse Gamer,Acessórios,Cliente_40,Sul,3,4340.9,Sim,13022.7,9570.06,3452.64,2025-09
2025-09-15,Cadeira Ergonômica,Eletrônicos,Cliente_44,Centro-Oeste,4,128.76,Sim,515.04,438.33,76.71,2025-09
2025-06-09,Cadeira Ergonômica,Acessórios,Cliente_19,Sudeste,3,3907.99,Sim,11723.97,9047.32,2676.65,2025-06
2025-12-06,Smartphone,Periféricos,Cliente_12,Norte,1,2346.81,Sim,2346.81,2111.57,235.24,2025-12
2025-06-01,HD Externo,Acessórios,Cliente_8,Centro-Oeste,3,4945.1,Sim,14835.3,10177.82,4657.48,2025-06
2025-06-27,Mouse Gamer,Acessórios,Cliente_8,Nordeste,3,2457.5,Sim,7372.5,5043.8,2328.7,2025-06
2025-06-12,Smartwatch,Periféricos,Cliente_45,Norte,4,4935.53,Não,19742.12,12791.41,6950.71,2025-06
2025-02-02,Smartwatch,Eletrônicos,Cliente_12,Centro-Oeste,4,3792.48,Não,15169.92,9848.6,5321.32,2025-02
2025-06-28,Cadeira Ergonômica,Acessórios,Cliente_48,Norte,3,1303.14,Sim,3909.42,2680.13,1229.29,2025-06
2025-04-11,Smartwatch,Acessórios,Cliente_33,Sul,2,2728.9,Não,5457.8,4572.83,884.97,2025-04
2025-09-25,Teclado Mecânico,Periféricos,Cliente_45,Sul,4,4961.31,Sim,19845.24,17299.63,2545.61,2025-09
2025-11-19,Monitor,Eletrônicos,Cliente_26,Sudeste,5,4299.05,Sim,21495.25,19185.07,2310.18,2025-11
2025-03-06,Fone de Ouvido,Acessórios,Cliente_39,Sudeste,5,559.05,Sim,2795.25,1871.94,923.31,2025-03
2025-06-17,Webcam HD,Periféricos,Cliente_28,Sul,1,3555.35,Sim,3555.35,3073.21,482.14,2025-06
2025-11-26,Smartphone,Acessórios,Cliente_5,Norte,3,1780.25,Não,5340.75,3730.39,1610.36,2025-11
2025-02-12,HD Externo,Móveis,Cliente_8,Sul,2,114.35,Sim,228.7,144.96,83.74,2025-02
2025-02-13,Webcam HD,Periféricos,Cliente_25,Sudeste,1,2065.13,Sim,2065.13,1778.09,287.04,2025-02
2025-10-12,HD Externo,Eletrônicos,Cliente_27,Sul,3,1234.99,Sim,3704.97,2930.01,774.96,2025-10
2025-01-12,Notebook,Eletrônicos,Cliente_46,Sul,4,4108.84,Sim,16435.36,10673.44,5761.92,2025-01
2025-04-05,Webcam HD,Eletrônicos,Cliente_23,Norte,5,1739.67,Sim,8698.35,6340.66,2357.69,2025-04
2025-10-29,Fone de Ouvido,Eletrônicos,Cliente_30,Centro-Oeste,2,4151.42,Sim,8302.84,5697.22,2605.62,2025-10
2025-09-10,Cadeira Ergonômica,Acessórios,Cliente_45,Sudeste,5,82.94,Sim,414.7,340.48,74.22,2025-09
2025-08-30,Teclado Mecânico,Acessórios,Cliente_47,Norte,4,1594.47,Sim,6377.88,4694.28,1683.6,2025-08
2025-02-04,Monitor,Eletrônicos,Cliente_23,Sul,3,1266.53,Não,3799.59,3407.41,392.18,2025-02
2025-08-03,Monitor,Eletrônicos,Cliente_49,Sul,4,1229.15,Sim,4916.6,3030.71,1885.89,2025-08
2025-12-03,Teclado Mecânico,Eletrônicos,Cliente_47,Centro-Oeste,4,415.48,Sim,1661.92,1174.15,487.77,2025-12
2025-03-31,Mouse Gamer,Acessórios,Cliente_20,Sudeste,5,1000.65,Sim,5003.25,3725.27,1277.98,2025-03
2025-09-21,Notebook,Eletrônicos,Cliente_18,Sudeste,2,2813.3,Sim,5626.6,4225.24,1401.36,2025-09
2025-04-03,HD Externo,Eletrônicos,Cliente_18,Nordeste,4,1513.5,Sim,6054.0,4206.2,1847.8,2025-04
2025-03-31,Fone de Ouvido,Móveis,Cliente_2,Sudeste,5,2133.58,Sim,10667.9,8734.58,1933.32,2025-03
2025-04-25,Smartwatch,Móveis,Cliente_4,Centro-Oeste,2,1934.19,Não,3868.38,3336.18,532.2,2025-04
2025-04-15,Webcam HD,Eletrônicos,Cliente_30,Nordeste,3,4389.45,Sim,13168.35,11609.43,1558.92,2025-04
2025-07-15,Notebook,Periféricos,Cliente_33,Nordeste,3,4534.07,Não,13602.21,11446.64,2155.57,2025-07
2025-11-10,Webcam HD,Eletrônicos,Cliente_36,Sul,1,2505.35,Não,2505.35,2142.51,362.84,2025-11
2025-04-24,Fone de Ouvido,Móveis,Cliente_18,Sul,5,1704.37,Sim,8521.85,6520.61,2001.24,2025-04
2025-03-16,Smartphone,Periféricos,Cliente_37,Sudeste,2,605.46,Sim,1210.92,1026.58,184.34,2025-03
2025-08-05,Smartphone,Periféricos,Cliente_19,Nordeste,4,4770.74,Sim,19082.96,13187.3,5895.66,2025-08
2025-10-04,Notebook,Eletrônicos,Cliente_47,Sul,3,376.32,Não,1128.96,812.34,316.62,2025-10
2025-09-06,Cadeira Ergonômica,Móveis,Cliente_28,Centro-Oeste,2,1544.44,Não,3088.88,2147.0,941.88,2025-09
2025-06-13,Fone de Ouvido,Móveis,Cliente_40,Sul,5,1546.49,Sim,7732.45,5723.68,2008.77,2025-06
2025-12-23,Fone de Ouvido,Periféricos,Cliente_20,Sul,1,1656.37,Sim,1656.37,1135.73,520.64,2025-12
2025-07-11,Teclado Mecânico,Eletrônicos,Cliente_49,Nordeste,3,888.29,Sim,2664.87,2367.69,297.18,2025-07
2025-08-15,Cadeira Ergonômica,Acessórios,Cliente_33,Nordeste,2,3933.15,Não,7866.3,5458.06,2408.24,2025-08
2025-06-26,HD Externo,Acessórios,Cliente_12,Norte,2,682.69,Não,1365.38,859.39,505.99,2025-06
2025-04-09,HD Externo,Móveis,Cliente_15,Centro-Oeste,2,3203.74,Sim,6407.48,4857.16,1550.32,2025-04
2025-02-05,Smartwatch,Acessórios,Cliente_41,Nordeste,5,689.32,Sim,3446.6,2127.0,1319.6,2025-02
2025-04-06,Monitor,Móveis,Cliente_39,Sudeste,5,427.04,Sim,2135.2,1351.93,783.27,2025-04
2025-06-01,Smartphone,Móveis,Cliente_2,Centro-Oeste,5,4554.39,Sim,22771.95,15161.95,7610.0,2025-06
2025-05-31,HD Externo,Móveis,Cliente_29,Centro-Oeste,4,1015.43,Não,4061.72,3002.85,1058.87,2025-05
2025-07-09,Cadeira Ergonômica,Acessórios,Cliente_41,Nordeste,2,4120.55,Sim,8241.1,6015.8,2225.3,2025-07
2025-08-12,Fone de Ouvido,Móveis,Cliente_10,Centro-Oeste,3,2759.58,Sim,8278.74,6953.38,1325.36,2025-08
2025-02-06,HD Externo,Periféricos,Cliente_2,Nordeste,5,463.05,Sim,2315.25,1902.77,412.48,2025-02
2025-09-25,Fone de Ouvido,Eletrônicos,Cliente_11,Sul,5,4780.81,Não,23904.05,17399.65,6504.4,2025-09
2025-07-02,HD Externo,Eletrônicos,Cliente_13,Norte,2,1295.05,Sim,2590.1,1813.36,776.74,2025-07
2025-01-13,Smartphone,Móveis,Cliente_10,Sul,5,4309.46,Sim,21547.3,14974.09,6573.21,2025-01
2025-10-06,Webcam HD,Eletrônicos,Cliente_14,Nordeste,4,910.55,Sim,3642.2,3031.03,611.17,2025-10
2025-08-05,HD Externo,Acessórios,Cliente_18,Nordeste,4,4281.4,Não,17125.6,10542.89,6582.71,2025-08
2025-12-21,Cadeira Ergonômica,Acessórios,Cliente_9,Sul,5,145.09,Não,725.45,438.06,287.39,2025-12
2025-12-27,HD Externo,Eletrônicos,Cliente_39,Sudeste,2,2597.96,Sim,5195.92,4357.63,838.29,2025-12
2025-10-13,Monitor,Acessórios,Cliente_28,Sudeste,2,3865.66,Sim,7731.32,5745.48,1985.84,2025-10
2025-09-30,Smartphone,Eletrônicos,Cliente_3,Sudeste,2,4679.19,Sim,9358.38,5982.48,3375.9,2025-09
2025-03-03,Cadeira Ergonômica,Eletrônicos,Cliente_20,Nordeste,1,4553.27,Sim,4553.27,3053.74,1499.53,2025-03
2025-03-25,Teclado Mecânico,Eletrônicos,Cliente_6,Centro-Oeste,5,4112.55,Sim,20562.75,18090.1,2472.65,2025-03
2025-08-05,Cadeira Ergonômica,Móveis,Cliente_27,Nordeste,2,4449.9,Não,8899.8,7634.7,1265.1,2025-08
2025-12-08,Monitor,Eletrônicos,Cliente_2,Centro-Oeste,4,1060.16,Sim,4240.64,3447.37,793.27,2025-12
2025-07-06,Webcam HD,Móveis,Cliente_29,Sul,3,1478.19,Não,4434.57,3302.28,1132.29,2025-07
2025-01-19,Smartphone,Eletrônicos,Cliente_38,Norte,3,1501.73,Sim,4505.19,3406.36,1098.83,2025-01
2025-06-26,Teclado Mecânico,Eletrônicos,Cliente_3,Centro-Oeste,2,1935.11,Sim,3870.22,3454.46,415.76,2025-06
2025-04-10,Monitor,Eletrônicos,Cliente_16,Sudeste,3,2015.14,Sim,6045.42,5378.8,666.62,2025-04
2025-08-21,Monitor,Acessórios,Cliente_30,Nordeste,3,2759.21,Sim,8277.63,5501.15,2776.48,2025-08
2025-03-17,Notebook,Móveis,Cliente_40,Sul,1,866.61,Sim,866.61,730.84,135.77,2025-03
2025-09-22,Smartphone,Móveis,Cliente_2,Sudeste,4,3480.93,Sim,13923.72,9178.14,4745.58,2025-09
2025-10-11,Cadeira Ergonômica,Eletrônicos,Cliente_17,Sul,4,904.43,Sim,3617.72,2402.39,1215.33,2025-10
2025-07-25,Fone de Ouvido,Eletrônicos,Cliente_41,Norte,1,1606.72,Sim,1606.72,1289.92,316.8,2025-07
2025-08-11,Webcam HD,Acessórios,Cliente_12,Nordeste,1,2556.46,Sim,2556.46,1844.49,711.97,2025-08
2025-02-21,Fone de Ouvido,Acessórios,Cliente_35,Nordeste,3,3998.49,Não,11995.47,10549.58,1445.89,2025-02
2025-12-05,Cadeira Ergonômica,Acessórios,Cliente_43,Norte,5,3718.19,Sim,18590.95,11651.0,6939.95,2025-12
2025-05-24,Cadeira Ergonômica,Móveis,Cliente_1,Nordeste,3,3256.03,Não,9768.09,7359.84,2408.25,2025-05
2025-03-10,Smartphone,Móveis,Cliente_45,Centro-Oeste,1,846.4,Sim,846.4,741.07,105.33,2025-03
2025-04-09,Cadeira Ergonômica,Móveis,Cliente_15,Sul,4,2771.46,Sim,11085.84,9658.36,1427.48,2025-04
2025-01-25,Notebook,Eletrônicos,Cliente_26,Sudeste,3,510.24,Sim,1530.72,990.31,540.41,2025-01
2025-02-22,Teclado Mecânico,Móveis,Cliente_37,Norte,5,1936.63,Não,9683.15,6874.95,2808.2,2025-02
2025-05-31,Cadeira Ergonômica,Periféricos,Cliente_21,Centro-Oeste,3,2114.5,Sim,6343.5,4984.32,1359.18,2025-05
2025-05-24,Fone de Ouvido,Periféricos,Cliente_49,Sudeste,2,275.87,Sim,551.74,357.43,194.31,2025-05
2025-02-26,Cadeira Ergonômica,Acessórios,Cliente_31,Sudeste,3,1428.02,Sim,4284.06,3814.56,469.5,2025-02
2025-02-08,Notebook,Móveis,Cliente_25,Norte,1,4781.8,Sim,4781.8,4181.32,600.48,2025-02
2025-04-19,HD Externo,Periféricos,Cliente_23,Centro-Oeste,4,4771.87,Sim,19087.48,12408.49,6678.99,2025-04
2025-06-30,HD Externo,Acessórios,Cliente_24,Sudeste,4,1813.45,Sim,7253.8,4615.93,2637.87,2025-06
2025-02-11,Monitor,Móveis,Cliente_38,Sudeste,1,292.05,Sim,292.05,182.71,109.34,2025-02
2025-07-05,Webcam HD,Eletrônicos,Cliente_28,Centro-Oeste,2,961.15,Não,1922.3,1677.85,244.45,2025-07
2025-08-11,Smartwatch,Periféricos,Cliente_21,Nordeste,1,2009.71,Sim,2009.71,1322.56,687.15,2025-08
2025-05-02,Teclado Mecânico,Eletrônicos,Cliente_43,Sudeste,3,4743.08,Sim,14229.24,10314.57,3914.67,2025-05
2025-05-13,Mouse Gamer,Móveis,Cliente_18,Sul,1,774.7,Sim,774.7,569.14,205.56,2025-05
2025-06-12,Monitor,Periféricos,Cliente_36,Centro-Oeste,1,3836.5,Sim,3836.5,2991.33,845.17,2025-06
2025-08-03,Webcam HD,Móveis,Cliente_35,Sudeste,2,614.72,Sim,1229.44,764.12,465.32,2025-08
2025-08-09,HD Externo,Eletrônicos,Cliente_45,Norte,3,4907.79,Sim,14723.37,9835.62,4887.75,2025-08
2025-08-23,Fone de Ouvido,Periféricos,Cliente_9,Sul,5,1957.55,Não,9787.75,8607.81,1179.94,2025-08
2025-11-27,Mouse Gamer,Eletrônicos,Cliente_38,Sudeste,5,3894.15,Não,19470.75,16988.68,2482.07,2025-11
2025-05-26,Webcam HD,Móveis,Cliente_30,Sul,4,1765.55,Não,7062.2,5892.61,1169.59,2025-05
2025-08-27,Webcam HD,Móveis,Cliente_44,Sul,1,3168.13,Sim,3168.13,1919.32,1248.81,2025-08
2025-03-17,Monitor,Eletrônicos,Cliente_34,Nordeste,4,1024.72,Sim,4098.88,2861.44,1237.44,2025-03
2025-01-09,Mouse Gamer,Periféricos,Cliente_32,Sul,2,798.42,Sim,1596.84,1258.93,337.91,2025-01
2025-03-15,Smartphone,Eletrônicos,Cliente_3,Nordeste,5,4695.28,Sim,23476.4,16023.98,7452.42,2025-03
2025-09-10,Smartwatch,Móveis,Cliente_3,Centro-Oeste,1,4594.82,Sim,4594.82,4010.71,584.11,2025-09
2025-08-18,Smartphone,Eletrônicos,Cliente_28,Nordeste,2,4446.35,Sim,8892.7,7026.72,1865.98,2025-08
2025-01-07,Mouse Gamer,Móveis,Cliente_44,Norte,2,3157.13,Sim,6314.26,3924.77,2389.49,2025-01
2025-06-23,Smartphone,Eletrônicos,Cliente_15,Sudeste,1,4056.68,Sim,4056.68,3540.27,516.41,2025-06
2025-05-21,Notebook,Periféricos,Cliente_41,Centro-Oeste,2,419.66,Sim,839.32,744.75,94.57,2025-05
2025-06-17,HD Externo,Periféricos,Cliente_23,Centro-Oeste,1,1727.16,Sim,1727.16,1076.56,650.6,2025-06
2025-06-19,Notebook,Eletrônicos,Cliente_40,Norte,1,1623.42,Sim,1623.42,1233.33,390.09,2025-06
2025-10-10,Cadeira Ergonômica,Eletrônicos,Cliente_11,Nordeste,3,3207.37,Sim,9622.11,6648.97,2973.14,2025-10
2025-05-02,Smartphone,Periféricos,Cliente_48,Sudeste,4,1831.31,Sim,7325.24,5258.44,2066.8,2025-05
2025-07-13,Cadeira Ergonômica,Móveis,Cliente_32,Nordeste,2,810.65,Sim,1621.3,1060.16,561.14,2025-07
2025-01-05,Fone de Ouvido,Periféricos,Cliente_36,Sul,2,3014.62,Não,6029.24,4663.14,1366.1,2025-01
2025-01-29,Teclado Mecânico,Móveis,Cliente_33,Nordeste,3,4086.77,Sim,12260.31,10879.72,1380.59,2025-01
2025-06-14,Fone de Ouvido,Eletrônicos,Cliente_24,Centro-Oeste,3,1960.05,Sim,5880.15,4415.53,1464.62,2025-06
2025-12-05,Mouse Gamer,Eletrônicos,Cliente_39,Sudeste,3,730.76,Sim,2192.28,1369.9,822.38,2025-12
2025-05-16,Webcam HD,Móveis,Cliente_34,Nordeste,5,1047.71,Sim,5238.55,4117.5,1121.05,2025-05
2025-12-31,HD Externo,Eletrônicos,Cliente_28,Sudeste,5,1248.42,Não,6242.1,4382.37,1859.73,2025-12
2025-11-17,Smartphone,Móveis,Cliente_37,Sudeste,5,1555.5,Sim,7777.5,6663.59,1113.91,2025-11
2025-12-08,Monitor,Acessórios,Cliente_7,Sul,1,3242.55,Sim,3242.55,2368.37,874.18,2025-12
2025-05-25,Teclado Mecânico,Periféricos,Cliente_4,Sul,2,3036.65,Não,6073.3,3995.33,2077.97,2025-05
2025-11-23,Smartwatch,Acessórios,Cliente_37,Centro-Oeste,4,3504.71,Sim,14018.84,9215.03,4803.81,2025-11
2025-08-05,Smartwatch,Móveis,Cliente_1,Norte,1,1863.51,Sim,1863.51,1547.89,315.62,2025-08
2025-10-28,Smartwatch,Periféricos,Cliente_1,Sudeste,2,4134.07,Sim,8268.14,5619.66,2648.48,2025-10
2025-05-12,Smartphone,Móveis,Cliente_47,Norte,2,1084.11,Sim,2168.22,1799.99,368.23,2025-05
2025-10-19,Smartwatch,Periféricos,Cliente_20,Centro-Oeste,3,2387.68,Sim,7163.04,4740.26,2422.78,2025-10
2025-03-11,Notebook,Periféricos,Cliente_19,Sudeste,3,4020.62,Sim,12061.86,8401.16,3660.7,2025-03
2025-09-09,Teclado Mecânico,Periféricos,Cliente_29,Sudeste,1,966.38,Não,966.38,714.78,251.6,2025-09
2025-10-02,Notebook,Periféricos,Cliente_10,Norte,3,620.53,Sim,1861.59,1643.71,217.88,2025-10
2025-12-30,Webcam HD,Móveis,Cliente_18,Nordeste,2,4427.73,Sim,8855.46,7788.55,1066.91,2025-12
2025-07-01,Teclado Mecânico,Periféricos,Cliente_28,Sul,3,1767.21,Sim,5301.63,3510.01,1791.62,2025-07
2025-06-16,Notebook,Periféricos,Cliente_35,Nordeste,5,3444.64,Não,17223.2,12184.82,5038.38,2025-06
2025-04-01,Teclado Mecânico,Acessórios,Cliente_43,Norte,3,204.72,Não,614.16,396.02,218.14,2025-04
2025-07-21,Webcam HD,Eletrônicos,Cliente_47,Sul,2,3475.03,Sim,6950.06,5233.36,1716.7,2025-07
2025-12-12,Cadeira Ergonômica,Eletrônicos,Cliente_31,Nordeste,1,1635.22,Sim,1635.22,1207.08,428.14,2025-12
2025-01-19,Smartphone,Acessórios,Cliente_27,Sul,4,354.24,Sim,1416.96,1233.08,183.88,2025-01
2025-02-08,Smartphone,Acessórios,Cliente_11,Sudeste,3,3080.28,Sim,9240.84,8122.71,1118.13,2025-02
2025-05-06,Smartwatch,Móveis,Cliente_49,Nordeste,2,1264.75,Sim,2529.5,1808.77,720.73,2025-05
2025-06-22,Fone de Ouvido,Móveis,Cliente_49,Sul,4,1983.09,Sim,7932.36,5929.61,2002.75,2025-06
2025-05-21,Smartwatch,Móveis,Cliente_38,Sul,4,476.46,Sim,1905.84,1655.93,249.91,2025-05
2025-08-30,Mouse Gamer,Acessórios,Cliente_5,Sul,5,804.04,Não,4020.2,3385.06,635.14,2025-08
2025-08-08,Notebook,Acessórios,Cliente_8,Nordeste,4,1546.05,Sim,6184.2,3717.3,2466.9,2025-08
2025-05-06,Teclado Mecânico,Periféricos,Cliente_34,Centro-Oeste,2,521.62,Não,1043.24,726.11,317.13,2025-05
2025-02-27,Fone de Ouvido,Móveis,Cliente_48,Nordeste,2,4561.27,Sim,9122.54,6627.82,2494.72,2025-02
2025-05-28,Webcam HD,Móveis,Cliente_12,Norte,3,109.75,Sim,329.25,220.24,109.01,2025-05
2025-11-13,Mouse Gamer,Móveis,Cliente_38,Nordeste,3,2460.59,Sim,7381.77,4871.02,2510.75,2025-11
2025-12-27,Webcam HD,Eletrônicos,Cliente_1,Sul,3,686.38,Sim,2059.14,1258.83,800.31,2025-12
2025-01-01,Smartphone,Periféricos,Cliente_31,Sudeste,4,1593.78,Sim,6375.12,5055.54,1319.58,2025-01
2025-12-14,Smartphone,Móveis,Cliente_4,Nordeste,4,4636.21,Sim,18544.84,12587.37,5957.47,2025-12
2025-07-09,Smartwatch,Móveis,Cliente_49,Nordeste,5,875.54,Sim,4377.7,2695.37,1682.33,2025-07
2025-07-10,Notebook,Móveis,Cliente_45,Sul,3,4831.9,Sim,14495.7,9701.88,4793.82,2025-07
2025-11-08,Fone de Ouvido,Eletrônicos,Cliente_50,Sudeste,1,1092.51,Sim,1092.51,918.34,174.17,2025-11
2025-04-27,HD Externo,Eletrônicos,Cliente_5,Sudeste,5,3728.51,Sim,18642.55,15947.71,2694.84,2025-04
2025-05-14,Mouse Gamer,Acessórios,Cliente_30,Norte,1,2769.65,Sim,2769.65,2063.17,706.48,2025-05
2025-02-27,Mouse Gamer,Periféricos,Cliente_24,Nordeste,4,4431.64,Sim,17726.56,12848.59,4877.97,2025-02
2025-02-13,Smartwatch,Acessórios,Cliente_3,Sudeste,5,2805.65,Não,14028.25,12532.22,1496.03,2025-02
2025-06-22,Smartphone,Periféricos,Cliente_11,Sudeste,5,2710.03,Sim,13550.15,8945.39,4604.76,2025-06
2025-06-09,Smartwatch,Eletrônicos,Cliente_45,Centro-Oeste,2,1041.65,Sim,2083.3,1384.58,698.72,2025-06
2025-06-22,Teclado Mecânico,Móveis,Cliente_4,Centro-Oeste,4,897.85,Sim,3591.4,2469.3,1122.1,2025-06
2025-11-13,Fone de Ouvido,Acessórios,Cliente_26,Sudeste,4,4589.13,Sim,18356.52,11965.28,6391.24,2025-11
2025-10-30,Notebook,Móveis,Cliente_27,Norte,5,1692.96,Não,8464.8,6042.26,2422.54,2025-10
2025-05-29,Cadeira Ergonômica,Acessórios,Cliente_46,Sudeste,4,1910.64,Sim,7642.56,6673.87,968.69,2025-05
2025-03-21,Monitor,Eletrônicos,Cliente_43,Sul,5,3818.33,Sim,19091.65,14979.39,4112.26,2025-03
2025-08-01,Monitor,Eletrônicos,Cliente_27,Nordeste,2,1747.01,Sim,3494.02,2528.22,965.8,2025-08
2025-07-22,Smartwatch,Eletrônicos,Cliente_42,Norte,5,4764.15,Sim,23820.75,20969.96,2850.79,2025-07
2025-09-09,Teclado Mecânico,Acessórios,Cliente_50,Sul,4,3710.6,Não,14842.4,9121.24,5721.16,2025-09
2025-08-17,Fone de Ouvido,Periféricos,Cliente_6,Norte,4,3019.35,Sim,12077.4,8008.32,4069.08,2025-08
2025-06-13,HD Externo,Acessórios,Cliente_15,Sul,5,4414.0,Sim,22070.0,16988.75,5081.25,2025-06
2025-08-15,Monitor,Periféricos,Cliente_30,Nordeste,5,324.06,Sim,1620.3,1271.39,348.91,2025-08
2025-05-27,Fone de Ouvido,Acessórios,Cliente_42,Nordeste,5,1344.75,Sim,6723.75,4114.04,2609.71,2025-05
2025-01-20,Notebook,Acessórios,Cliente_37,Centro-Oeste,3,2367.98,Sim,7103.94,5121.31,1982.63,2025-01
2025-02-16,Webcam HD,Eletrônicos,Cliente_37,Sul,4,1196.73,Sim,4786.92,3804.39,982.53,2025-02
2025-08-21,Teclado Mecânico,Móveis,Cliente_42,Centro-Oeste,4,3740.01,Sim,14960.04,12108.97,2851.07,2025-08
2025-11-01,Smartphone,Móveis,Cliente_37,Sul,3,4602.5,Não,13807.5,10927.84,2879.66,2025-11
2025-01-14,Fone de Ouvido,Periféricos,Cliente_35,Centro-Oeste,5,2164.95,Sim,10824.75,7535.86,3288.89,2025-01
2025-05-23,Notebook,Móveis,Cliente_23,Nordeste,2,1763.29,Sim,3526.58,2214.89,1311.69,2025-05
2025-01-01,HD Externo,Acessórios,Cliente_6,Norte,5,4810.83,Sim,24054.15,17514.64,6539.51,2025-01
2025-02-23,Cadeira Ergonômica,Acessórios,Cliente_4,Centro-Oeste,5,2268.67,Não,11343.35,7244.16,4099.19,2025-02
2025-09-16,Smartphone,Eletrônicos,Cliente_18,Sul,3,2486.12,Sim,7458.36,6595.33,863.03,2025-09
2025-05-24,Cadeira Ergonômica,Eletrônicos,Cliente_9,Sul,4,1810.12,Sim,7240.48,5376.43,1864.05,2025-05
2025-01-12,HD Externo,Móveis,Cliente_49,Nordeste,5,4554.98,Sim,22774.9,15832.6,6942.3,2025-01
2025-11-26,Notebook,Periféricos,Cliente_29,Sul,4,2879.26,Sim,11517.04,9557.89,1959.15,2025-11
2025-08-12,Monitor,Móveis,Cliente_13,Sudeste,1,3829.9,Sim,3829.9,2870.07,959.83,2025-08
2025-09-29,Cadeira Ergonômica,Móveis,Cliente_47,Norte,4,4074.09,Sim,16296.36,11293.54,5002.82,2025-09
2025-12-24,Smartphone,Móveis,Cliente_17,Centro-Oeste,2,1761.9,Sim,3523.8,2972.64,551.16,2025-12
2025-06-05,Smartwatch,Móveis,Cliente_45,Norte,2,2213.78,Sim,4427.56,3808.35,619.21,2025-06
2025-01-08,Mouse Gamer,Acessórios,Cliente_32,Nordeste,5,4254.48,Sim,21272.4,17058.39,4214.01,2025-01
2025-05-02,Fone de Ouvido,Periféricos,Cliente_48,Centro-Oeste,4,1867.22,Não,7468.88,4586.56,2882.32,2025-05
2025-12-14,Monitor,Acessórios,Cliente_22,Centro-Oeste,5,3986.16,Não,19930.8,15344.66,4586.14,2025-12
2025-06-13,Cadeira Ergonômica,Periféricos,Cliente_4,Sudeste,3,4709.68,Sim,14129.04,11712.81,2416.23,2025-06
2025-03-31,Webcam HD,Eletrônicos,Cliente_5,Nordeste,2,3146.2,Sim,6292.4,4033.12,2259.28,2025-03
2025-05-16,Fone de Ouvido,Móveis,Cliente_37,Sul,5,3728.81,Sim,18644.05,12465.43,6178.62,2025-05
2025-07-05,Smartwatch,Acessórios,Cliente_41,Sudeste,3,4041.08,Sim,12123.24,10483.55,1639.69,2025-07
2025-11-12,HD Externo,Periféricos,Cliente_49,Sudeste,5,4237.6,Não,21188.0,12840.7,8347.3,2025-11
2025-06-27,Mouse Gamer,Eletrônicos,Cliente_13,Norte,4,2023.66,Sim,8094.64,6684.7,1409.94,2025-06
2025-01-28,Notebook,Eletrônicos,Cliente_34,Norte,4,332.22,Sim,1328.88,986.2,342.68,2025-01
2025-08-08,Smartwatch,Móveis,Cliente_45,Norte,4,2057.23,Sim,8228.92,6040.29,2188.63,2025-08
2025-12-23,Smartwatch,Periféricos,Cliente_22,Sudeste,4,3394.88,Sim,13579.52,8176.62,5402.9,2025-12
2025-02-10,HD Externo,Acessórios,Cliente_23,Sul,1,2295.72,Sim,2295.72,1941.76,353.96,2025-02
2025-08-16,Teclado Mecânico,Móveis,Cliente_3,Centro-Oeste,3,3764.9,Sim,11294.7,7996.05,3298.65,2025-08
2025-07-11,HD Externo,Acessórios,Cliente_42,Norte,3,1836.35,Sim,5509.05,4199.16,1309.89,2025-07
2025-05-25,Teclado Mecânico,Eletrônicos,Cliente_34,Sul,4,3202.94,Sim,12811.76,10290.28,2521.48,2025-05
2025-07-20,Teclado Mecânico,Acessórios,Cliente_32,Nordeste,1,997.19,Sim,997.19,808.51,188.68,2025-07
2025-07-31,Monitor,Acessórios,Cliente_45,Norte,4,3766.9,Não,15067.6,13361.86,1705.74,2025-07
2025-08-08,Monitor,Móveis,Cliente_49,Centro-Oeste,1,2764.82,Sim,2764.82,2099.61,665.21,2025-08
2025-08-28,Smartphone,Acessórios,Cliente_21,Nordeste,4,1084.0,Não,4336.0,3121.56,1214.44,2025-08
2025-02-15,Cadeira Ergonômica,Móveis,Cliente_46,Nordeste,2,1516.2,Sim,3032.4,2687.04,345.36,2025-02
2025-02-04,Cadeira Ergonômica,Eletrônicos,Cliente_44,Centro-Oeste,2,3763.15,Sim,7526.3,5965.59,1560.71,2025-02
2025-09-10,Notebook,Móveis,Cliente_21,Norte,5,2454.4,Sim,12272.0,8460.87,3811.13,2025-09
2025-03-23,Cadeira Ergonômica,Móveis,Cliente_44,Sudeste,4,1142.87,Não,4571.48,2916.33,1655.15,2025-03
2025-09-13,Monitor,Periféricos,Cliente_11,Centro-Oeste,3,4838.97,Não,14516.91,12379.53,2137.38,2025-09
2025-07-16,Smartphone,Acessórios,Cliente_39,Centro-Oeste,5,3598.42,Sim,17992.1,12750.18,5241.92,2025-07
2025-10-30,Smartphone,Eletrônicos,Cliente_4,Centro-Oeste,2,4789.1,Não,9578.2,7644.75,1933.45,2025-10
2025-01-10,Teclado Mecânico,Móveis,Cliente_1,Nordeste,4,2181.36,Não,8725.44,6467.69,2257.75,2025-01
2025-11-08,HD Externo,Eletrônicos,Cliente_28,Sul,5,2417.49,Sim,12087.45,7973.84,4113.61,2025-11
2025-10-13,Notebook,Periféricos,Cliente_24,Sudeste,4,4497.94,Sim,17991.76,14042.68,3949.08,2025-10
2025-08-30,Teclado Mecânico,Acessórios,Cliente_35,Norte,2,2663.24,Não,5326.48,3292.86,2033.62,2025-08
2025-09-08,HD Externo,Móveis,Cliente_13,Norte,5,3559.81,Não,17799.05,12886.56,4912.49,2025-09
2025-12-31,Cadeira Ergonômica,Acessórios,Cliente_47,Sul,2,1320.69,Sim,2641.38,2017.97,623.41,2025-12
2025-01-05,Teclado Mecânico,Periféricos,Cliente_34,Centro-Oeste,1,2277.89,Não,2277.89,1664.71,613.18,2025-01
2025-04-29,Fone de Ouvido,Periféricos,Cliente_11,Sudeste,2,687.37,Sim,1374.74,1133.61,241.13,2025-04
2025-10-16,Cadeira Ergonômica,Eletrônicos,Cliente_36,Norte,4,1093.42,Sim,4373.68,3710.53,663.15,2025-10
2025-03-06,HD Externo,Móveis,Cliente_17,Norte,3,84.64,Sim,253.92,211.1,42.82,2025-03
2025-05-26,Notebook,Eletrônicos,Cliente_35,Centro-Oeste,2,273.18,Sim,546.36,334.18,212.18,2025-05
2025-08-12,HD Externo,Periféricos,Cliente_18,Sul,3,4888.24,Sim,14664.72,9652.89,5011.83,2025-08
2025-08-27,Teclado Mecânico,Acessórios,Cliente_40,Sudeste,1,1272.38,Sim,1272.38,968.26,304.12,2025-08
2025-06-26,Teclado Mecânico,Eletrônicos,Cliente_22,Sul,5,3343.49,Não,16717.45,14718.82,1998.63,2025-06
2025-09-24,Smartwatch,Eletrônicos,Cliente_24,Sul,5,4208.37,Sim,21041.85,17895.82,3146.03,2025-09
2025-12-07,Notebook,Acessórios,Cliente_19,Sudeste,3,2789.25,Sim,8367.75,7135.69,1232.06,2025-12
2025-10-09,Webcam HD,Eletrônicos,Cliente_37,Sudeste,5,833.47,Sim,4167.35,2879.48,1287.87,2025-10
2025-03-04,Cadeira Ergonômica,Acessórios,Cliente_39,Norte,2,3662.33,Sim,7324.66,5338.46,1986.2,2025-03
2025-08-05,Smartphone,Móveis,Cliente_21,Norte,3,3033.24,Não,9099.72,6744.82,2354.9,2025-08
2025-12-08,Notebook,Acessórios,Cliente_8,Sudeste,4,3677.75,Sim,14711.0,9521.13,5189.87,2025-12
2025-11-11,Smartphone,Móveis,Cliente_28,Nordeste,2,3867.15,Não,7734.3,4712.67,3021.63,2025-11
2025-10-10,Notebook,Acessórios,Cliente_5,Norte,2,4879.02,Sim,9758.04,8626.8,1131.24,2025-10
2025-06-26,Notebook,Periféricos,Cliente_17,Nordeste,2,2901.93,Sim,5803.86,3901.43,1902.43,2025-06
2025-04-08,HD Externo,Periféricos,Cliente_37,Sudeste,4,1760.87,Sim,7043.48,4733.11,2310.37,2025-04
2025-04-15,Notebook,Móveis,Cliente_36,Norte,1,3270.45,Sim,3270.45,2044.08,1226.37,2025-04
2025-04-09,Smartwatch,Móveis,Cliente_19,Sul,5,416.73,Sim,2083.65,1830.6,253.05,2025-04
2025-11-07,Webcam HD,Periféricos,Cliente_27,Sudeste,3,4495.19,Sim,13485.57,10436.77,3048.8,2025-11
2025-01-06,Teclado Mecânico,Móveis,Cliente_34,Centro-Oeste,1,667.35,Sim,667.35,533.95,133.4,2025-01
2025-07-16,Mouse Gamer,Acessórios,Cliente_11,Nordeste,3,1692.99,Sim,5078.97,4436.34,642.63,2025-07
2025-12-17,Smartphone,Acessórios,Cliente_45,Sudeste,5,4093.47,Sim,20467.35,14402.59,6064.76,2025-12
2025-05-13,Teclado Mecânico,Periféricos,Cliente_47,Sudeste,4,3018.78,Sim,12075.12,9496.5,2578.62,2025-05
2025-12-24,Mouse Gamer,Eletrônicos,Cliente_12,Norte,2,2016.69,Sim,4033.38,2466.98,1566.4,2025-12
2025-09-16,Webcam HD,Acessórios,Cliente_21,Norte,2,2409.3,Sim,4818.6,3161.15,1657.45,2025-09
2025-01-23,Webcam HD,Móveis,Cliente_11,Norte,4,4284.37,Não,17137.48,14556.13,2581.35,2025-01
2025-02-22,Smartphone,Eletrônicos,Cliente_39,Centro-Oeste,1,1752.82,Sim,1752.82,1454.89,297.93,2025-02
2025-06-14,Smartphone,Eletrônicos,Cliente_28,Norte,1,4358.68,Sim,4358.68,3073.71,1284.97,2025-06
2025-07-21,Webcam HD,Acessórios,Cliente_5,Sudeste,3,513.62,Não,1540.86,1098.7,442.16,2025-07
2025-03-24,Mouse Gamer,Acessórios,Cliente_17,Norte,4,3901.85,Sim,15607.4,11862.66,3744.74,2025-03
2025-05-25,Notebook,Eletrônicos,Cliente_20,Sul,1,4249.93,Sim,4249.93,2550.27,1699.66,2025-05
2025-03-26,Cadeira Ergonômica,Eletrônicos,Cliente_41,Norte,4,974.54,Sim,3898.16,2621.02,1277.14,2025-03
2025-03-19,Fone de Ouvido,Periféricos,Cliente_46,Centro-Oeste,5,2197.3,Sim,10986.5,7278.22,3708.28,2025-03
2025-01-01,Teclado Mecânico,Móveis,Cliente_12,Sul,2,894.26,Não,1788.52,1207.51,581.01,2025-01
2025-02-20,HD Externo,Periféricos,Cliente_6,Sudeste,2,3556.49,Não,7112.98,5987.51,1125.47,2025-02
2025-06-22,Teclado Mecânico,Acessórios,Cliente_17,Sudeste,2,2713.91,Não,5427.82,3712.1,1715.72,2025-06
2025-07-24,HD Externo,Periféricos,Cliente_19,Nordeste,4,3205.79,Sim,12823.16,8430.67,4392.49,2025-07
2025-09-17,Mouse Gamer,Periféricos,Cliente_26,Sul,4,1046.72,Sim,4186.88,3145.52,1041.36,2025-09
2025-10-15,HD Externo,Periféricos,Cliente_48,Nordeste,3,1121.79,Sim,3365.37,2893.19,472.18,2025-10
2025-02-03,Smartphone,Periféricos,Cliente_44,Sul,2,284.17,Sim,568.34,382.15,186.19,2025-02
2025-12-14,Cadeira Ergonômica,Móveis,Cliente_44,Sul,3,1664.57,Sim,4993.71,3113.88,1879.83,2025-12
2025-04-05,Cadeira Ergonômica,Móveis,Cliente_32,Centro-Oeste,2,2833.94,Sim,5667.88,4006.75,1661.13,2025-04
2025-03-13,Smartphone,Eletrônicos,Cliente_6,Nordeste,3,4301.04,Sim,12903.12,10635.98,2267.14,2025-03
2025-02-08,Smartwatch,Acessórios,Cliente_36,Centro-Oeste,3,3361.28,Sim,10083.84,7716.23,2367.61,2025-02
2025-06-03,Mouse Gamer,Periféricos,Cliente_38,Sul,5,2222.15,Não,11110.75,9389.01,1721.74,2025-06
2025-09-07,Smartwatch,Eletrônicos,Cliente_11,Sudeste,3,4769.35,Não,14308.05,12703.8,1604.25,2025-09
2025-06-11,Smartwatch,Eletrônicos,Cliente_33,Sul,4,3618.69,Sim,14474.76,12126.94,2347.82,2025-06
2025-04-28,Teclado Mecânico,Eletrônicos,Cliente_24,Centro-Oeste,3,4656.41,Sim,13969.23,10911.94,3057.29,2025-04
2025-09-16,Webcam HD,Móveis,Cliente_23,Nordeste,2,2675.73,Sim,5351.46,4002.91,1348.55,2025-09
2025-11-02,Teclado Mecânico,Periféricos,Cliente_15,Nordeste,3,1353.81,Não,4061.43,2485.68,1575.75,2025-11
2025-09-25,Webcam HD,Periféricos,Cliente_27,Centro-Oeste,1,339.91,Sim,339.91,304.32,35.59,2025-09
2025-02-23,Fone de Ouvido,Acessórios,Cliente_11,Nordeste,2,3652.34,Sim,7304.68,5223.17,2081.51,2025-02
2025-08-24,HD Externo,Periféricos,Cliente_50,Norte,1,676.81,Sim,676.81,436.99,239.82,2025-08
2025-08-10,Webcam HD,Periféricos,Cliente_17,Sudeste,2,1569.65,Sim,3139.3,2511.48,627.82,2025-08
2025-09-08,Smartphone,Eletrônicos,Cliente_14,Sudeste,4,2699.76,Sim,10799.04,7400.44,3398.6,2025-09
2025-11-09,Teclado Mecânico,Acessórios,Cliente_27,Sudeste,4,2856.93,Sim,11427.72,8864.87,2562.85,2025-11
2025-04-22,Mouse Gamer,Periféricos,Cliente_18,Nordeste,4,3034.87,Sim,12139.48,9420.61,2718.87,2025-04
2025-09-12,HD Externo,Móveis,Cliente_28,Nordeste,1,897.98,Sim,897.98,658.86,239.12,2025-09
2025-10-30,Fone de Ouvido,Periféricos,Cliente_47,Sul,5,1948.31,Sim,9741.55,8288.46,1453.09,2025-10
2025-07-26,Webcam HD,Eletrônicos,Cliente_47,Sul,2,3116.6,Sim,6233.2,4235.4,1997.8,2025-07
2025-08-17,Fone de Ouvido,Móveis,Cliente_4,Sudeste,4,4851.51,Não,19406.04,14255.48,5150.56,2025-08
2025-12-07,Mouse Gamer,Eletrônicos,Cliente_7,Norte,2,3659.95,Sim,7319.9,5572.7,1747.2,2025-12
2025-03-07,Smartwatch,Periféricos,Cliente_45,Sul,1,4619.21,Não,4619.21,3691.15,928.06,2025-03
2025-03-16,Cadeira Ergonômica,Móveis,Cliente_35,Sul,5,3830.08,Sim,19150.4,15994.25,3156.15,2025-03
2025-04-13,Mouse Gamer,Acessórios,Cliente_48,Nordeste,1,2991.25,Sim,2991.25,2149.04,842.21,2025-04
2025-07-11,Monitor,Acessórios,Cliente_9,Norte,2,1024.75,Sim,2049.5,1626.92,422.58,2025-07
2025-09-09,Mouse Gamer,Móveis,Cliente_8,Sudeste,5,3360.09,Sim,16800.45,10839.37,5961.08,2025-09
2025-08-14,Fone de Ouvido,Móveis,Cliente_45,Sul,5,3147.03,Sim,15735.15,13843.7,1891.45,2025-08
2025-10-21,Smartphone,Eletrônicos,Cliente_17,Norte,1,3044.15,Sim,3044.15,2176.32,867.83,2025-10
2025-11-02,Teclado Mecânico,Móveis,Cliente_17,Norte,4,2489.75,Sim,9959.0,8154.99,1804.01,2025-11
2025-04-08,Smartphone,Eletrônicos,Cliente_49,Sudeste,2,2680.99,Sim,5361.98,3249.91,2112.07,2025-04
2025-12-04,Fone de Ouvido,Periféricos,Cliente_33,Norte,3,1725.46,Não,5176.38,3424.47,1751.91,2025-12
2025-10-13,Teclado Mecânico,Eletrônicos,Cliente_32,Norte,3,2635.02,Não,7905.06,5898.16,2006.9,2025-10
2025-12-01,Monitor,Móveis,Cliente_8,Norte,1,1051.98,Sim,1051.98,908.36,143.62,2025-12
2025-12-13,Cadeira Ergonômica,Móveis,Cliente_19,Sul,2,4041.46,Não,8082.92,6128.28,1954.64,2025-12
2025-11-04,HD Externo,Periféricos,Cliente_38,Sudeste,2,994.02,Sim,1988.04,1747.41,240.63,2025-11
2025-09-06,Fone de Ouvido,Móveis,Cliente_3,Norte,1,498.03,Sim,498.03,371.1,126.93,2025-09
2025-06-15,Webcam HD,Móveis,Cliente_5,Norte,2,2226.33,Não,4452.66,3326.74,1125.92,2025-06
2025-12-01,Fone de Ouvido,Acessórios,Cliente_13,Sul,4,3318.87,Sim,13275.48,8442.2,4833.28,2025-12
2025-01-30,Fone de Ouvido,Acessórios,Cliente_47,Sudeste,1,2233.57,Sim,2233.57,1877.98,355.59,2025-01
2025-09-04,Teclado Mecânico,Periféricos,Cliente_46,Nordeste,4,1441.63,Sim,5766.52,3887.15,1879.37,2025-09
2025-04-16,Notebook,Eletrônicos,Cliente_31,Sul,2,2826.2,Não,5652.4,4916.93,735.47,2025-04
2025-02-20,Mouse Gamer,Acessórios,Cliente_16,Sudeste,1,1787.25,Não,1787.25,1560.71,226.54,2025-02
2025-03-22,Notebook,Eletrônicos,Cliente_50,Norte,2,4669.71,Sim,9339.42,8246.64,1092.78,2025-03
2025-05-13,Monitor,Móveis,Cliente_32,Sudeste,1,4619.41,Sim,4619.41,3492.59,1126.82,2025-05
2025-10-12,Webcam HD,Acessórios,Cliente_22,Sudeste,2,2551.67,Sim,5103.34,4098.64,1004.7,2025-10
2025-05-18,Cadeira Ergonômica,Periféricos,Cliente_29,Sudeste,4,1693.19,Sim,6772.76,5645.47,1127.29,2025-05
2025-07-03,Smartwatch,Periféricos,Cliente_22,Nordeste,4,3706.69,Sim,14826.76,9478.81,5347.95,2025-07
2025-11-26,Monitor,Periféricos,Cliente_43,Sudeste,2,260.63,Sim,521.26,406.73,114.53,2025-11
2025-09-30,Smartwatch,Acessórios,Cliente_3,Nordeste,1,2415.86,Sim,2415.86,1474.37,941.49,2025-09
2025-12-06,Smartwatch,Eletrônicos,Cliente_10,Norte,3,1734.71,Sim,5204.13,3899.3,1304.83,2025-12
2025-03-10,Cadeira Ergonômica,Móveis,Cliente_42,Nordeste,4,4609.04,Sim,18436.16,11918.11,6518.05,2025-03
2025-02-03,Smartphone,Eletrônicos,Cliente_21,Norte,4,139.05,Sim,556.2,364.24,191.96,2025-02
2025-09-19,Notebook,Eletrônicos,Cliente_16,Norte,3,2799.85,Não,8399.55,5959.6,2439.95,2025-09
2025-02-22,Fone de Ouvido,Móveis,Cliente_12,Nordeste,2,3724.06,Sim,7448.12,5435.13,2012.99,2025-02
2025-07-24,HD Externo,Móveis,Cliente_2,Sul,1,2466.29,Sim,2466.29,1940.85,525.44,2025-07
2025-05-06,Smartwatch,Acessórios,Cliente_41,Centro-Oeste,2,500.18,Sim,1000.36,622.55,377.81,2025-05
2025-08-23,Webcam HD,Acessórios,Cliente_24,Sudeste,5,4864.51,Sim,24322.55,18268.85,6053.7,2025-08
2025-02-12,Monitor,Acessórios,Cliente_35,Centro-Oeste,4,2628.61,Sim,10514.44,6884.72,3629.72,2025-02
2025-08-28,Smartphone,Acessórios,Cliente_30,Sudeste,5,3101.8,Sim,15509.0,11975.93,3533.07,2025-08
2025-04-21,Smartwatch,Acessórios,Cliente_30,Sudeste,4,1244.12,Sim,4976.48,3937.5,1038.98,2025-04
2025-09-06,Smartphone,Móveis,Cliente_47,Norte,4,2458.81,Sim,9835.24,7543.75,2291.49,2025-09
2025-05-31,Smartphone,Eletrônicos,Cliente_35,Sudeste,5,2191.42,Sim,10957.1,9001.13,1955.97,2025-05
2025-07-02,Smartwatch,Acessórios,Cliente_19,Sudeste,5,448.49,Sim,2242.45,1571.25,671.2,2025-07
2025-12-02,Teclado Mecânico,Acessórios,Cliente_50,Nordeste,2,602.31,Não,1204.62,999.27,205.35,2025-12
2025-04-05,Mouse Gamer,Eletrônicos,Cliente_8,Centro-Oeste,5,4200.36,Sim,21001.8,15327.75,5674.05,2025-04
2025-01-08,Webcam HD,Acessórios,Cliente_26,Nordeste,2,1259.91,Sim,2519.82,1877.91,641.91,2025-01
2025-12-26,Fone de Ouvido,Eletrônicos,Cliente_49,Sudeste,2,1039.19,Sim,2078.38,1651.13,427.25,2025-12
2025-07-03,Fone de Ouvido,Eletrônicos,Cliente_40,Norte,2,2564.16,Sim,5128.32,3105.24,2023.08,2025-07
2025-10-08,Webcam HD,Móveis,Cliente_7,Nordeste,4,3862.24,Sim,15448.96,12300.44,3148.52,2025-10
2025-07-14,Teclado Mecânico,Periféricos,Cliente_30,Nordeste,4,384.78,Sim,1539.12,1209.1,330.02,2025-07
2025-12-18,Fone de Ouvido,Móveis,Cliente_7,Sul,5,2917.89,Sim,14589.45,10109.82,4479.63,2025-12
2025-07-14,Smartphone,Periféricos,Cliente_3,Sudeste,4,666.52,Sim,2666.08,1668.27,997.81,2025-07
2025-06-04,Cadeira Ergonômica,Periféricos,Cliente_1,Norte,5,259.39,Sim,1296.95,813.55,483.4,2025-06
2025-04-03,Monitor,Periféricos,Cliente_36,Nordeste,4,339.5,Sim,1358.0,1190.92,167.08,2025-04
2025-06-09,Notebook,Acessórios,Cliente_25,Nordeste,1,4184.09,Sim,4184.09,3375.66,808.43,2025-06
2025-03-02,Fone de Ouvido,Móveis,Cliente_37,Norte,1,660.42,Sim,660.42,421.43,238.99,2025-03
2025-05-02,Webcam HD,Periféricos,Cliente_1,Sudeste,5,302.14,Sim,1510.7,1068.09,442.61,2025-05
2025-02-20,Cadeira Ergonômica,Eletrônicos,Cliente_15,Sul,4,2234.47,Sim,8937.88,6951.39,1986.49,2025-02
2025-10-04,Smartwatch,Acessórios,Cliente_37,Nordeste,4,4232.45,Sim,16929.8,14401.7,2528.1,2025-10
2025-01-05,Mouse Gamer,Móveis,Cliente_13,Sul,2,1371.05,Não,2742.1,1681.18,1060.92,2025-01
2025-04-02,Webcam HD,Periféricos,Cliente_40,Centro-Oeste,3,2154.83,Sim,6464.49,4337.61,2126.88,2025-04
2025-06-19,Smartphone,Eletrônicos,Cliente_8,Sudeste,5,276.42,Não,1382.1,1198.18,183.92,2025-06
2025-11-13,Mouse Gamer,Móveis,Cliente_5,Centro-Oeste,3,2289.47,Sim,6868.41,4139.93,2728.48,2025-11
2025-01-22,Monitor,Móveis,Cliente_9,Centro-Oeste,3,2921.86,Sim,8765.58,5788.96,2976.62,2025-01
2025-11-22,Monitor,Acessórios,Cliente_1,Centro-Oeste,5,2888.86,Sim,14444.3,12822.31,1621.99,2025-11
2025-01-01,Teclado Mecânico,Móveis,Cliente_36,Sudeste,4,1715.54,Não,6862.16,5380.07,1482.09,2025-01
2025-05-13,HD Externo,Acessórios,Cliente_35,Sudeste,5,1632.42,Sim,8162.1,5538.0,2624.1,2025-05
2025-08-21,Teclado Mecânico,Periféricos,Cliente_2,Norte,3,604.59,Sim,1813.77,1124.71,689.06,2025-08
2025-01-12,Cadeira Ergonômica,Acessórios,Cliente_40,Sul,4,1884.65,Sim,7538.6,4586.92,2951.68,2025-01
2025-12-12,Mouse Gamer,Eletrônicos,Cliente_23,Sul,1,569.51,Sim,569.51,383.52,185.99,2025-12
2025-02-15,HD Externo,Acessórios,Cliente_9,Norte,5,3851.65,Sim,19258.25,16647.71,2610.54,2025-02
2025-02-03,Smartwatch,Eletrônicos,Cliente_34,Norte,5,4834.07,Não,24170.35,17518.04,6652.31,2025-02
2025-03-19,Smartphone,Acessórios,Cliente_46,Centro-Oeste,4,4852.77,Não,19411.08,15841.38,3569.7,2025-03
2025-08-06,Mouse Gamer,Móveis,Cliente_14,Norte,1,4336.15,Sim,4336.15,3796.24,539.91,2025-08
2025-10-28,Teclado Mecânico,Periféricos,Cliente_4,Nordeste,1,3035.9,Não,3035.9,2193.17,842.73,2025-10
2025-03-14,Notebook,Eletrônicos,Cliente_30,Sul,4,3528.26,Sim,14113.04,9277.68,4835.36,2025-03
2025-10-09,HD Externo,Acessórios,Cliente_31,Norte,2,1483.21,Sim,2966.42,2240.05,726.37,2025-10
2025-09-06,HD Externo,Acessórios,Cliente_38,Nordeste,5,3183.39,Sim,15916.95,13886.35,2030.6,2025-09
2025-02-16,Smartphone,Acessórios,Cliente_11,Nordeste,5,2321.8,Sim,11609.0,9766.79,1842.21,2025-02
2025-05-01,Fone de Ouvido,Móveis,Cliente_35,Nordeste,3,2451.53,Não,7354.59,4558.0,2796.59,2025-05
2025-08-02,Monitor,Móveis,Cliente_8,Nordeste,4,3808.26,Sim,15233.04,12304.82,2928.22,2025-08
2025-08-27,Monitor,Eletrônicos,Cliente_3,Centro-Oeste,3,1467.04,Sim,4401.12,3395.77,1005.35,2025-08
2025-02-25,Notebook,Eletrônicos,Cliente_14,Nordeste,3,1644.75,Sim,4934.25,4303.85,630.4,2025-02
2025-12-16,Cadeira Ergonômica,Móveis,Cliente_13,Centro-Oeste,1,4629.24,Sim,4629.24,2947.64,1681.6,2025-12
2025-04-17,Cadeira Ergonômica,Eletrônicos,Cliente_45,Centro-Oeste,5,356.62,Sim,1783.1,1355.53,427.57,2025-04
2025-11-15,Smartwatch,Periféricos,Cliente_32,Nordeste,3,2469.32,Não,7407.96,6399.28,1008.68,2025-11
2025-02-17,Mouse Gamer,Periféricos,Cliente_34,Sul,1,4570.98,Não,4570.98,3304.85,1266.13,2025-02
2025-03-02,Webcam HD,Móveis,Cliente_45,Nordeste,4,3082.99,Sim,12331.96,9182.36,3149.6,2025-03
2025-12-03,Fone de Ouvido,Eletrônicos,Cliente_19,Nordeste,3,2768.32,Sim,8304.96,5158.53,3146.43,2025-12
2025-01-26,Teclado Mecânico,Acessórios,Cliente_38,Nordeste,5,1308.74,Sim,6543.7,4472.25,2071.45,2025-01
2025-10-19,Webcam HD,Periféricos,Cliente_16,Sul,3,1768.92,Sim,5306.76,3700.68,1606.08,2025-10
2025-09-14,Webcam HD,Móveis,Cliente_2,Sudeste,4,4272.08,Sim,17088.32,15098.16,1990.16,2025-09
2025-01-08,HD Externo,Eletrônicos,Cliente_40,Sudeste,3,2831.35,Sim,8494.05,5816.73,2677.32,2025-01
2025-04-23,Notebook,Móveis,Cliente_17,Centro-Oeste,5,2612.53,Sim,13062.65,9643.64,3419.01,2025-04
2025-12-21,Monitor,Acessórios,Cliente_34,Centro-Oeste,1,569.93,Sim,569.93,456.74,113.19,2025-12
2025-09-10,Smartwatch,Periféricos,Cliente_42,Sul,5,158.86,Sim,794.3,515.23,279.07,2025-09
2025-06-29,Cadeira Ergonômica,Móveis,Cliente_16,Norte,1,4821.33,Sim,4821.33,3596.39,1224.94,2025-06
2025-07-26,Notebook,Móveis,Cliente_38,Sudeste,2,1934.77,Sim,3869.54,3179.07,690.47,2025-07
2025-10-30,HD Externo,Móveis,Cliente_2,Centro-Oeste,5,3047.81,Sim,15239.05,13106.44,2132.61,2025-10
2025-05-07,Teclado Mecânico,Acessórios,Cliente_2,Sudeste,5,472.2,Não,2361.0,1860.18,500.82,2025-05
2025-02-25,Smartwatch,Móveis,Cliente_26,Sul,4,3440.92,Sim,13763.68,11020.8,2742.88,2025-02
2025-08-02,HD Externo,Acessórios,Cliente_13,Sul,3,4668.23,Não,14004.69,8933.38,5071.31,2025-08
2025-01-14,Monitor,Acessórios,Cliente_47,Norte,1,2912.27,Sim,2912.27,2573.67,338.6,2025-01
2025-01-28,Monitor,Acessórios,Cliente_31,Norte,1,700.49,Sim,700.49,448.15,252.34,2025-01
2025-03-19,Monitor,Periféricos,Cliente_34,Sul,4,2942.07,Sim,11768.28,9795.94,1972.34,2025-03
2025-08-04,Notebook,Periféricos,Cliente_39,Centro-Oeste,4,3850.43,Não,15401.72,10464.62,4937.1,2025-08
2025-12-31,Notebook,Móveis,Cliente_3,Sudeste,3,2079.57,Sim,6238.71,5490.55,748.16,2025-12
2025-06-03,Cadeira Ergonômica,Móveis,Cliente_8,Nordeste,3,4408.8,Sim,13226.4,10792.58,2433.82,2025-06
2025-01-14,Cadeira Ergonômica,Periféricos,Cliente_23,Norte,5,3271.52,Sim,16357.6,13513.73,2843.87,2025-01
2025-07-06,Teclado Mecânico,Eletrônicos,Cliente_14,Nordeste,2,4504.3,Sim,9008.6,5997.18,3011.42,2025-07
2025-11-08,Smartwatch,Periféricos,Cliente_27,Centro-Oeste,3,3147.65,Sim,9442.95,6920.85,2522.1,2025-11
2025-01-07,Smartphone,Acessórios,Cliente_29,Norte,4,725.94,Não,2903.76,2280.45,623.31,2025-01
2025-01-03,Smartphone,Periféricos,Cliente_39,Nordeste,3,1603.68,Sim,4811.04,3997.94,813.1,2025-01
2025-04-21,HD Externo,Acessórios,Cliente_39,Centro-Oeste,1,1072.83,Sim,1072.83,677.16,395.67,2025-04
2025-08-26,Monitor,Móveis,Cliente_1,Sudeste,2,4551.43,Sim,9102.86,8089.8,1013.06,2025-08
2025-12-29,Smartwatch,Eletrônicos,Cliente_17,Centro-Oeste,5,3821.17,Sim,19105.85,16566.04,2539.81,2025-12
2025-08-27,Webcam HD,Móveis,Cliente_41,Norte,1,3407.88,Sim,3407.88,2321.12,1086.76,2025-08
2025-10-01,Notebook,Acessórios,Cliente_30,Sul,1,1560.75,Sim,1560.75,1321.69,239.06,2025-10
2025-10-21,Mouse Gamer,Acessórios,Cliente_13,Sudeste,2,985.5,Sim,1971.0,1489.08,481.92,2025-10
2025-08-15,Fone de Ouvido,Acessórios,Cliente_21,Nordeste,5,3801.74,Sim,19008.7,14038.72,4969.98,2025-08
2025-01-15,Teclado Mecânico,Eletrônicos,Cliente_19,Norte,4,2412.86,Sim,9651.44,6701.29,2950.15,2025-01
2025-07-11,Monitor,Periféricos,Cliente_19,Sul,5,1190.88,Não,5954.4,4610.44,1343.96,2025-07
2025-04-29,Monitor,Móveis,Cliente_25,Centro-Oeste,3,3113.78,Sim,9341.34,7650.25,1691.09,2025-04
2025-01-28,Monitor,Móveis,Cliente_22,Sul,1,278.44,Sim,278.44,201.39,77.05,2025-01
2025-07-21,Notebook,Periféricos,Cliente_31,Norte,3,1684.76,Sim,5054.28,3986.64,1067.64,2025-07
2025-02-08,Notebook,Móveis,Cliente_17,Norte,4,2385.3,Sim,9541.2,7726.41,1814.79,2025-02
2025-09-30,Fone de Ouvido,Eletrônicos,Cliente_23,Sul,3,807.96,Sim,2423.88,1971.43,452.45,2025-09
2025-08-19,Webcam HD,Móveis,Cliente_32,Centro-Oeste,5,4924.5,Sim,24622.5,15157.36,9465.14,2025-08
2025-03-27,Smartwatch,Acessórios,Cliente_10,Sul,3,1108.76,Sim,3326.28,2853.7,472.58,2025-03
2025-05-06,Monitor,Periféricos,Cliente_10,Norte,4,721.34,Não,2885.36,2127.88,757.48,2025-05
2025-10-27,Smartphone,Eletrônicos,Cliente_36,Norte,4,1081.39,Sim,4325.56,2935.86,1389.7,2025-10
2025-01-25,Cadeira Ergonômica,Periféricos,Cliente_8,Nordeste,4,3863.78,Sim,15455.12,10394.02,5061.1,2025-01
2025-05-25,Smartphone,Eletrônicos,Cliente_20,Nordeste,5,2173.49,Sim,10867.45,8095.21,2772.24,2025-05
2025-01-13,HD Externo,Acessórios,Cliente_32,Sudeste,4,2861.85,Sim,11447.4,9914.01,1533.39,2025-01
2025-07-31,Smartphone,Periféricos,Cliente_50,Norte,1,183.37,Sim,183.37,130.84,52.53,2025-07
2025-01-25,HD Externo,Móveis,Cliente_14,Nordeste,4,249.4,Não,997.6,822.94,174.66,2025-01
2025-03-09,Mouse Gamer,Eletrônicos,Cliente_50,Sul,3,2273.46,Sim,6820.38,4290.33,2530.05,2025-03
2025-03-08,Cadeira Ergonômica,Periféricos,Cliente_28,Centro-Oeste,3,4097.94,Sim,12293.82,9132.06,3161.76,2025-03
2025-08-21,Smartphone,Móveis,Cliente_46,Sul,3,4435.38,Sim,13306.14,11942.34,1363.8,2025-08
2025-04-19,Mouse Gamer,Periféricos,Cliente_24,Centro-Oeste,5,506.6,Sim,2533.0,2105.26,427.74,2025-04
2025-05-26,Teclado Mecânico,Periféricos,Cliente_15,Nordeste,3,2728.75,Sim,8186.25,5428.78,2757.47,2025-05
2025-04-21,Smartwatch,Periféricos,Cliente_22,Sudeste,5,4573.09,Sim,22865.45,17158.98,5706.47,2025-04
2025-08-16,Mouse Gamer,Eletrônicos,Cliente_30,Sul,5,1988.83,Sim,9944.15,6663.45,3280.7,2025-08
2025-04-21,Smartwatch,Móveis,Cliente_4,Sul,4,4161.46,Sim,16645.84,12032.75,4613.09,2025-04
2025-02-03,Smartphone,Acessórios,Cliente_13,Sul,1,737.78,Sim,737.78,615.33,122.45,2025-02
2025-04-21,Webcam HD,Eletrônicos,Cliente_23,Centro-Oeste,4,4682.14,Não,18728.56,15570.32,3158.24,2025-04
2025-09-21,Mouse Gamer,Eletrônicos,Cliente_8,Nordeste,4,3777.0,Sim,15108.0,10098.64,5009.36,2025-09
2025-08-24,Cadeira Ergonômica,Eletrônicos,Cliente_18,Sul,5,4711.37,Não,23556.85,20651.51,2905.34,2025-08
2025-03-24,Smartphone,Acessórios,Cliente_12,Sul,5,3408.96,Sim,17044.8,13256.94,3787.86,2025-03
2025-02-11,Monitor,Móveis,Cliente_31,Sudeste,3,1867.95,Sim,5603.85,4001.02,1602.83,2025-02
2025-04-11,Notebook,Móveis,Cliente_14,Sudeste,3,4695.85,Sim,14087.55,10573.84,3513.71,2025-04
2025-01-06,Mouse Gamer,Móveis,Cliente_34,Nordeste,4,1435.79,Sim,5743.16,4488.4,1254.76,2025-01
2025-06-29,Cadeira Ergonômica,Periféricos,Cliente_18,Nordeste,2,1714.29,Sim,3428.58,2633.04,795.54,2025-06
2025-10-09,Teclado Mecânico,Periféricos,Cliente_34,Norte,2,3527.98,Sim,7055.96,5263.19,1792.77,2025-10
2025-11-16,Monitor,Periféricos,Cliente_11,Sudeste,3,3845.36,Sim,11536.08,8669.13,2866.95,2025-11
2025-08-14,Teclado Mecânico,Acessórios,Cliente_41,Norte,2,4652.67,Não,9305.34,6075.68,3229.66,2025-08
2025-11-11,Smartphone,Periféricos,Cliente_12,Centro-Oeste,3,1087.63,Sim,3262.89,2753.29,509.6,2025-11
2025-12-31,Notebook,Acessórios,Cliente_49,Norte,5,4006.15,Sim,20030.75,15274.01,4756.74,2025-12
2025-08-17,Mouse Gamer,Móveis,Cliente_15,Sul,4,3713.65,Sim,14854.6,9496.9,5357.7,2025-08
2025-10-16,Mouse Gamer,Periféricos,Cliente_31,Norte,1,393.87,Não,393.87,326.85,67.02,2025-10
2025-05-30,Webcam HD,Periféricos,Cliente_49,Nordeste,4,1985.14,Sim,7940.56,6985.57,954.99,2025-05
2025-10-04,Webcam HD,Eletrônicos,Cliente_29,Centro-Oeste,3,1471.21,Sim,4413.63,3902.5,511.13,2025-10
2025-07-17,Smartphone,Acessórios,Cliente_26,Sul,3,1578.09,Sim,4734.27,3364.67,1369.6,2025-07
2025-03-11,Smartphone,Móveis,Cliente_18,Norte,4,4916.1,Sim,19664.4,12598.1,7066.3,2025-03
2025-04-22,Notebook,Eletrônicos,Cliente_32,Centro-Oeste,3,3242.46,Não,9727.38,7349.23,2378.15,2025-04
2025-01-04,Webcam HD,Eletrônicos,Cliente_22,Centro-Oeste,2,3610.97,Sim,7221.94,4577.14,2644.8,2025-01
2025-12-16,Cadeira Ergonômica,Móveis,Cliente_38,Sul,2,4884.96,Sim,9769.92,8599.45,1170.47,2025-12
2025-11-27,Cadeira Ergonômica,Eletrônicos,Cliente_17,Norte,3,1935.83,Não,5807.49,3804.34,2003.15,2025-11
2025-11-14,Notebook,Acessórios,Cliente_23,Centro-Oeste,3,4025.05,Sim,12075.15,8160.75,3914.4,2025-11
2025-12-16,Cadeira Ergonômica,Acessórios,Cliente_24,Centro-Oeste,2,2217.89,Sim,4435.78,3202.59,1233.19,2025-12
2025-04-05,HD Externo,Periféricos,Cliente_50,Sudeste,3,4358.11,Sim,13074.33,9347.48,3726.85,2025-04
2025-06-01,Smartwatch,Eletrônicos,Cliente_8,Centro-Oeste,3,968.84,Sim,2906.52,2436.82,469.7,2025-06
2025-11-07,Notebook,Periféricos,Cliente_41,Sudeste,4,4742.62,Sim,18970.48,13979.25,4991.23,2025-11
2025-05-17,Notebook,Eletrônicos,Cliente_6,Norte,1,1156.36,Sim,1156.36,753.06,403.3,2025-05
2025-09-04,Fone de Ouvido,Acessórios,Cliente_5,Norte,2,1685.0,Sim,3370.0,2292.15,1077.85,2025-09
2025-08-31,Monitor,Acessórios,Cliente_44,Norte,4,3800.47,Sim,15201.88,11442.97,3758.91,2025-08
2025-01-31,Monitor,Acessórios,Cliente_29,Nordeste,1,2017.28,Sim,2017.28,1299.6,717.68,2025-01
2025-02-09,HD Externo,Eletrônicos,Cliente_28,Norte,3,3072.4,Não,9217.2,7221.65,1995.55,2025-02
2025-08-17,Webcam HD,Acessórios,Cliente_11,Centro-Oeste,3,2267.3,Sim,6801.9,5235.59,1566.31,2025-08
2025-02-05,Smartphone,Eletrônicos,Cliente_1,Sul,4,3732.46,Sim,14929.84,12159.02,2770.82,2025-02
2025-08-11,Smartphone,Periféricos,Cliente_43,Sudeste,3,1203.39,Sim,3610.17,3181.68,428.49,2025-08
2025-01-06,Teclado Mecânico,Eletrônicos,Cliente_19,Nordeste,5,367.61,Sim,1838.05,1605.86,232.19,2025-01
2025-11-18,HD Externo,Periféricos,Cliente_9,Norte,4,1555.65,Sim,6222.6,5499.68,722.92,2025-11
2025-08-08,Notebook,Eletrônicos,Cliente_27,Norte,1,2413.6,Sim,2413.6,1625.35,788.25,2025-08
2025-03-16,HD Externo,Periféricos,Cliente_34,Sul,4,906.66,Sim,3626.64,2319.13,1307.51,2025-03
2025-01-04,HD Externo,Acessórios,Cliente_44,Sul,2,1825.6,Sim,3651.2,2521.82,1129.38,2025-01
2025-12-01,HD Externo,Periféricos,Cliente_4,Nordeste,4,2047.92,Sim,8191.68,7114.68,1077.0,2025-12
2025-05-14,Monitor,Acessórios,Cliente_36,Sudeste,3,362.37,Sim,1087.11,969.28,117.83,2025-05
2025-04-28,HD Externo,Acessórios,Cliente_18,Norte,3,2949.87,Sim,8849.61,7591.17,1258.44,2025-04
2025-04-04,Smartwatch,Periféricos,Cliente_15,Nordeste,5,4430.97,Não,22154.85,14024.14,8130.71,2025-04
2025-03-03,Smartphone,Eletrônicos,Cliente_13,Centro-Oeste,5,826.58,Sim,4132.9,3654.43,478.47,2025-03
2025-07-13,Teclado Mecânico,Eletrônicos,Cliente_19,Centro-Oeste,5,3021.22,Sim,15106.1,10982.25,4123.85,2025-07
2025-12-01,Smartwatch,Móveis,Cliente_49,Nordeste,1,3350.52,Sim,3350.52,2019.67,1330.85,2025-12
2025-07-22,Teclado Mecânico,Eletrônicos,Cliente_6,Norte,5,2143.13,Não,10715.65,7851.55,2864.1,2025-07
2025-01-26,Fone de Ouvido,Móveis,Cliente_48,Nordeste,1,3529.4,Sim,3529.4,2166.42,1362.98,2025-01
2025-06-22,Teclado Mecânico,Eletrônicos,Cliente_12,Norte,5,2100.8,Sim,10504.0,8016.27,2487.73,2025-06
2025-10-27,Smartphone,Eletrônicos,Cliente_37,Sul,1,2562.82,Sim,2562.82,1797.99,764.83,2025-10
2025-05-13,Smartphone,Acessórios,Cliente_17,Nordeste,4,116.18,Não,464.72,344.84,119.88,2025-05
2025-11-22,HD Externo,Móveis,Cliente_23,Norte,4,3483.26,Sim,13933.04,10922.82,3010.22,2025-11
2025-04-28,Mouse Gamer,Eletrônicos,Cliente_26,Nordeste,3,3333.81,Sim,10001.43,8607.63,1393.8,2025-04
2025-11-20,Fone de Ouvido,Móveis,Cliente_29,Nordeste,1,268.93,Não,268.93,214.76,54.17,2025-11
2025-10-02,Notebook,Acessórios,Cliente_33,Norte,2,1891.79,Não,3783.58,2762.83,1020.75,2025-10
2025-07-31,Cadeira Ergonômica,Acessórios,Cliente_27,Norte,3,4896.84,Não,14690.52,12425.66,2264.86,2025-07
2025-08-13,Teclado Mecânico,Móveis,Cliente_25,Sudeste,4,2150.02,Sim,8600.08,7496.47,1103.61,2025-08
2025-01-20,Mouse Gamer,Acessórios,Cliente_10,Nordeste,1,2549.57,Sim,2549.57,1621.34,928.23,2025-01
2025-04-23,HD Externo,Periféricos,Cliente_47,Centro-Oeste,5,4556.86,Sim,22784.3,17306.5,5477.8,2025-04
2025-05-20,Monitor,Periféricos,Cliente_23,Nordeste,2,3608.93,Sim,7217.86,4946.79,2271.07,2025-05
2025-02-16,Notebook,Acessórios,Cliente_21,Nordeste,4,2943.79,Sim,11775.16,7231.34,4543.82,2025-02
2025-01-01,Webcam HD,Periféricos,Cliente_21,Norte,3,4005.2,Sim,12015.6,9619.26,2396.34,2025-01
2025-03-31,Mouse Gamer,Eletrônicos,Cliente_43,Nordeste,1,4332.68,Sim,4332.68,3721.04,611.64,2025-03
2025-05-22,Monitor,Móveis,Cliente_13,Nordeste,2,2327.89,Sim,4655.78,3021.0,1634.78,2025-05
2025-11-16,Fone de Ouvido,Eletrônicos,Cliente_37,Centro-Oeste,1,2417.53,Sim,2417.53,2039.73,377.8,2025-11
2025-02-07,HD Externo,Móveis,Cliente_33,Norte,5,1979.37,Sim,9896.85,8471.89,1424.96,2025-02
2025-10-20,Notebook,Acessórios,Cliente_24,Nordeste,3,4836.19,Sim,14508.57,12684.87,1823.7,2025-10
2025-05-19,Notebook,Eletrônicos,Cliente_44,Sul,1,3510.06,Sim,3510.06,2385.39,1124.67,2025-05
2025-12-22,Notebook,Acessórios,Cliente_11,Sudeste,4,489.46,Sim,1957.84,1705.64,252.2,2025-12
2025-11-29,Fone de Ouvido,Acessórios,Cliente_17,Centro-Oeste,3,4325.76,Sim,12977.28,9034.77,3942.51,2025-11
